Clave,Id,Producto,Precio,PrecioIVA,ClaveProdServ,Detalles,Indicaciones,TiempoEntrega,Duracion,Descripcion
LABANPRLI,940,ANTIGENO ESPECIFICO DE PROSTATA LIBRE,271.55,315.00,85121800 - Laboratorios médicos,,,,,
BIOBAFAF,13,BF BIOPSIA BAF AGUJA FINA,5431.03,6299.99,85121800 - Laboratorios médicos,,,,,
BIOAGUMAMA,796,BP AGUJA BIOPSIA DE MAMA,1500.00,1740.00,42142504 - Agujas para biopsia,,,,,
OBAFGA,12,BP BIOPSIA BAAF GANGLIO AXILAR,5431.03,6299.99,85121800 - Laboratorios médicos,,,,,
BIOAGUTRUL,14,"BP BIOPSIA CON AGUJA TRU CUT + LAB (BH ,TP Y TPT)",5793.10,6720.00,85121800 - Laboratorios médicos,,,,,
BIOPSPERL,15,"BP BIOPSIA CRMD + LAB (BH, TP Y TPT)",4435.34,5144.99,85121800 - Laboratorios médicos,,,,,
BIOPMCM,16,BP BIOPSIA DE MAMA CRDM POR MASTO,8418.10,9765.00,85121800 - Laboratorios médicos,,,,,
BIOPXMAST,17,BP BIOPSIA DE MAMA CRMD X MASTO (DR BRITO),9323.28,10815.00,85121800 - Laboratorios médicos,,,,,
BIOPMUC,18,BP BIOPSIA DE MAMA CRMD X USG,7241.38,8400.00,85121800 - Laboratorios médicos,,,,,
BIOPPROS,19,BP BIOPSIA DE PROSTATA,5431.03,6299.99,85121800 - Laboratorios médicos,,,,,
BIOPROAN,20,BP BIOPSIA DE PROSTATA + ANESTESIA,9956.90,11550.00,85121800 - Laboratorios médicos,,,,,
BIOAGUTRU1,21,BP BIOPSIA MAMA CON AGUJA TRU CUT,5431.04,6300.01,85121800 - Laboratorios médicos,,,,,
BIOPSPER1,22,BP BIOPSIA TIROIDES CRMD,6788.79,7875.00,85121800 - Laboratorios médicos,,,,,
BIOPSPEGL,24,BP GUIA DE BIOPSIA + LAB,1267.24,1470.00,85121800 - Laboratorios médicos,,,,,
BIOPVIR,25,BP USO DE SALA DE BIOPSIAS,995.69,1155.00,85121800 - Laboratorios médicos,,,,,
LABCHKUPBAS,169,"CHECK-UP BASICO (BIOMETRIA HEMATICA, QUIMICA SANGUINEA 6 ELEM, EXAMEN GENERAL DE ORINA)",443.97,515.00,85121800 - Laboratorios médicos,,,,,
CHKCMP,788,"CHECK-UP COMPLETO (BIOMETRIA HEMATICA, QUIMICA SANGUINEA 32 ELEM, EXAMEN GENERAL DE ORINA)",896.55,1040.00,85121800 - Laboratorios médicos,,,,,
CHKHMB,791,"CHECK-UP SALUD HOMBRE (BIOMETRIA HEMATICA, QUIM SANG 28 ELEM, EXAMEN ORINA Y ANTIGENO PROSTATICO)",1086.21,1260.00,85121800 - Laboratorios médicos,,,,,
CHKBAS,773,CHECK-UP HOMBRE BASICO (ANTIGENO PROSTATICO ESPECIFICO + USG PROSTÁTICO),1033.52,1198.88,85121800 - Laboratorios médicos,,,,,
CHKHPLUS,775,"CHECK-UP SALUD HOMBRE PLUS (BIOMETRIA HEMATICA, QUIM SANG 28 ELEM, EXAMEN ORINA, ANTIGENO PROSTATICO Y ULTRASONIDO ABDOMINOPELVICO)",1981.90,2299.00,85121800 - Laboratorios médicos,,,,,
CHKMJR,792,"CHECK-UP MUJER (ULTRASONIDO ENDOVAGINAL, ALGORITMO ROMA)",2625.00,3045.00,85121807 - Servicios de laboratorios de ultrasonido,,,,,
CHKMJR2,793,"CHECK-UP MUJER 2 (ULTRASONIDO ENDOVAGINAL, CA 125)",1086.21,1260.00,85121807 - Servicios de laboratorios de ultrasonido,,,,,
PAQCHKUPPB,38,"CHECK-UP PREOPERATORIO (BIOMETRIA HEMATICA, GRUPO SANGUINEO, QUIM 3 ELEM (GLU,URE,CREA) TP, TPT, VDRL Y VIH)",1693.58,1964.55,85121800 - Laboratorios médicos,,,,,
CHKPRV,787,"CHECK-UP PREVENTIVO (BIOMETRIA HEMATICA, QUIMICA SANGUINEA 32 ELEM., EXAMEN GENERAL DE ORINA, ULTRASONIDO ABDOMEN COMPLETO)",1575.00,1827.00,85121800 - Laboratorios médicos,,,,,
PAQCJKSAL,765,"CHECK-UP SALUD (BIOMETRIA HEMATICA, QUIMICA SANGUINEA 35 ELEM, EXAMEN GENERAL DE ORINA, ULTRASONIDO ABDOMEN COMPLETO)",1719.83,1995.00,85121800 - Laboratorios médicos,,,,,
CHKTIRO,790,"CHECK-UP TIROIDEO (ULTRASONIDO DE TIROIDES, PERFIL TIROIDEO COMPLETO)",1568.97,1820.00,85121808 - Servicios de laboratorios de rayos x,,,,,
REIMPREPAN,41,D REIMPRESION DE PANORAMICA DENTAL O LAT CRANEO,90.52,105.00,85121808 - Servicios de laboratorios de rayos x,,,,,
TACRXATM01,11,D RX ATM EN ORTOPANTO,316.81,367.50,85121808 - Servicios de laboratorios de rayos x,,,,,
RXDENCARP,42,D RX CARPAL (DENTAL),362.07,420.00,85121808 - Servicios de laboratorios de rayos x,,,,,
RXCEFLATCR,43,D RX CEF LATERAL DE CRANEO,271.55,315.00,85121808 - Servicios de laboratorios de rayos x,,,,,
RXDNTINT,44,D RX DENTAL INTERPROXIMAL,144.83,168.00,85121808 - Servicios de laboratorios de rayos x,,,,,
RXDNTOCL,45,D RX DENTAL OCLUSAL,144.83,168.00,85121808 - Servicios de laboratorios de rayos x,,,,,
RXDNTPER,46,D RX DENTAL PERIAPICAL,144.83,168.00,85121808 - Servicios de laboratorios de rayos x,,,,,
RXORTOPANDE,47,D RX PANORAMICA DENTAL (ORTOPANTO),271.55,315.00,85121808 - Servicios de laboratorios de rayos x,,,,,
RXDNTSERPER,48,D RX SERIE PERIAPICAL 14 RXS,1357.76,1575.00,85121808 - Servicios de laboratorios de rayos x,,,,,
RXDNTSERP18,49,D RX SERIE PERIAPICAL 18 RXS,1357.76,1575.00,85121808 - Servicios de laboratorios de rayos x,,,,,
OELETRO,50,EL ELECTROCARDIOGRAFIA,316.81,367.50,85121800 - Laboratorios médicos,,,,,
44122015,51,GRABACION DE CD O DVD,45.26,52.50,44122015 - Respaldos para archivos,,,,,
GRABADVD,52,GRABACION DE DVD,45.26,52.50,44122015 - Respaldos para archivos,,,,,
PAQAGOADPG,53,GRUPO SANGUINEO,94.82,109.99,85121800 - Laboratorios médicos,,,,,
GSTHIFU,54,GS TRATAMIENTO HI-FU (HIGH FRECUENCY ULTRA),1810.34,2099.99,85121800 - Laboratorios médicos,,,,,
LABINSULPOS,916,INSULINA POSTPANDRIAL,226.72,263.00,85121800 - Laboratorios médicos,,,,,
LAB17AH,55,LAB 17 ALFA HIDROXI PROGESTERONA,362.07,420.00,85121800 - Laboratorios médicos,,,,,
LABIGGPO,56,LAB A SARS COV-2 IGG,678.88,787.50,85121800 - Laboratorios médicos,,,,,
LABACAPT,58,LAB AC ANTI CEL PARIETALES,1357.76,1575.00,85121800 - Laboratorios médicos,,,,,
LABACLAMIGG,59,LAB AC ANTI CHLAMYDIA TRACHOMANTIS IGG,271.55,315.00,85121800 - Laboratorios médicos,,,,,
LABACLAM2,60,LAB AC ANTI CHLAMYDIA TRACHOMANTIS IGG E IGM,1086.21,1260.00,85121800 - Laboratorios médicos,,,,,
LABACANFOSC,61,LAB AC ANTI FOSFOLIPIDOS Y/O CARDIOLIPINAS,1086.21,1260.00,85121800 - Laboratorios médicos,,,,,
LABHCBIGG,62,LAB AC ANTI HELICOBACTER PYLORI IGG,271.55,315.00,85121800 - Laboratorios médicos,,,,,
LABACHCB2,63,LAB AC ANTI HELICOBACTER PYLORI IGG E IGM,543.10,630.00,85121800 - Laboratorios médicos,,,,,
LABHCBIGM,64,LAB AC ANTI HELICOBACTER PYLORI IGM,289.66,336.01,85121800 - Laboratorios médicos,,,,,
LABACANTMSC,57,LAB AC ANTI MUSCULO LISO,715.09,829.50,85121800 - Laboratorios médicos,,,,,
LABACANTNUC,90,LAB AC ANTI NUCLEARES IF,543.10,630.00,85121800 - Laboratorios médicos,,,,,
LABANTTOXPL,65,LAB AC ANTI TOXOPLASMA IGG,307.76,357.00,85121800 - Laboratorios médicos,,,,,
LABANTTOX2,66,LAB AC ANTI TOXOPLASMA IGG E IGM,579.31,672.00,85121800 - Laboratorios médicos,,,,,
LABANTTOXPN,67,LAB AC ANTI TOXOPLASMA IGM,307.76,357.00,85121800 - Laboratorios médicos,,,,,
LABACANANGG,68,LAB AC ANTI-ANTIGENO CAPSIDE E.B. (VGA) IGG 2,633.62,735.00,85121800 - Laboratorios médicos,,,,,
LABACANANCA,69,LAB AC ANTI-ANTIGENO CAPSIDE E.B. (VGA) IGM,633.62,735.00,85121800 - Laboratorios médicos,,,,,
LABACANANNU,70,LAB AC ANTI-ANTIGENO NUCLEAR E.B. (EBNA) IGG,905.17,1050.00,85121800 - Laboratorios médicos,,,,,
LABACANANTE,71,LAB AC ANTI-ANTIGENO TEMPRANO E.B. (EBV-EA) IGG,543.10,630.00,85121800 - Laboratorios médicos,,,,,
LABANTICIST,72,LAB AC ANTI-CISTICERCO,543.10,630.00,85121800 - Laboratorios médicos,,,,,
LABACACMV,73,LAB AC ANTI-CITOMEGALOVIRUS (CMV) IGG E IGM,651.72,756.00,85121800 - Laboratorios médicos,,,,,
LABACACADDC,92,LAB AC ANTICUERPOS ANTI DNA DOBLE CADENA,862.07,1000.00,85121800 - Laboratorios médicos,,,,,
LABACACAS,76,LAB AC ANTICUERPOS ANTI-SMITH,543.10,630.00,85121800 - Laboratorios médicos,,,,,
LABANTCC,77,LAB AC ANTICUERPOS C (ANCA),1086.21,1260.00,85121800 - Laboratorios médicos,,,,,
LABANTCP,78,LAB AC ANTICUERPOS P (ANCA),1086.21,1260.00,85121800 - Laboratorios médicos,,,,,
LABACANTDNA,91,LAB AC ANTI-DNA DOBLE CADENA IF,862.07,1000.00,85121800 - Laboratorios médicos,,,,,
LABACANTMEM,74,LAB AC ANTI-MEM BASAL GLOMERULAR,1176.72,1365.00,85121800 - Laboratorios médicos,,,,,
LABANTIMI,79,LAB AC ANTIMITOCONDRIALES M2A/M2C,633.62,735.00,85121800 - Laboratorios médicos,,,,,
LABACANNU,80,LAB AC ANTINUCLEARES,570.26,661.50,85121800 - Laboratorios médicos,,,,,
LABACARUB,75,LAB AC ANTI-RUBEOLA IGG E IGM,633.62,735.00,85121800 - Laboratorios médicos,,,,,
LABATIROG,81,LAB AC ANTITIROGLOBULINA,407.33,472.50,85121800 - Laboratorios médicos,,,,,
LABANTTPL,82,LAB AC ANTITREPONEMA PALLIDUM FTA-ABS,724.14,840.00,85121800 - Laboratorios médicos,,,,,
LABACB2GL,83,LAB AC B-2-GLICOPROTEINA AGM,1267.24,1470.00,85121800 - Laboratorios médicos,,,,,
LABACFOB12,93,LAB AC FOLICO VIT B12,534.48,620.00,85121800 - Laboratorios médicos,,,,,
LABHCAG,84,LAB AC HELICOBACTER lgA,633.79,735.20,85121800 - Laboratorios médicos,,,,,
LABACHEPIGM,85,LAB AC HERPES I IGG,470.69,546.00,85121800 - Laboratorios médicos,,,,,
LABIGGIGMCO,86,LAB AC IGG/IGM SARS COV 2,905.17,1050.00,85121800 - Laboratorios médicos,,,,,
LABANTSAR,87,LAB AC NEUTRALIZANTES SARS COV-2,597.41,693.00,85121800 - Laboratorios médicos,,,,,
LABACPERO,88,LAB AC PEROXIDASA (TPO),407.33,472.50,85121800 - Laboratorios médicos,,,,,
LABRECACE,89,LAB AC RECEPTOR ACETILCOLINA,1086.21,1260.00,85121800 - Laboratorios médicos,,,,,
LABACATGM,94,LAB AC TRANSGLUTAMINASA IGA,1176.72,1365.00,85121800 - Laboratorios médicos,,,,,
LABACDEIGGI,944,LAB AC VS DENGUE IgG E IgM + AG DENGUE NS1,498.28,578.00,85121800 - Laboratorios médicos,,,,,
LABACLEIGIM,912,LAB AC. ANTI LEPTOSPIRA IGG E IGM,1357.76,1575.00,85121800 - Laboratorios médicos,,,,,
LABACMETIL,95,LAB ACIDO METILMALONICO,3502.59,4063.00,85121800 - Laboratorios médicos,,,,,
LABACIDU1,96,LAB ACIDO URICO,86.21,100.00,85121800 - Laboratorios médicos,,,,,
LABACVAL,97,LAB ACIDO VALPROICO,543.10,630.00,85121800 - Laboratorios médicos,,,,,
LABACVANOR,98,LAB ACIDO VANILMANDELICO EN ORINA 24 HRS,995.69,1155.00,85121800 - Laboratorios médicos,,,,,
LABAGDNG,650,LAB AG DENGUE + AC DENGUE GM,498.28,578.00,85121800 - Laboratorios médicos,,,,,
LABAGGICR,100,LAB AG GIARDIA+CRYPTO,806.03,935.00,85121800 - Laboratorios médicos,,,,,
LABAGHEBP,99,LAB AG HELICOBACTER PYLORI,679.31,788.00,85121800 - Laboratorios médicos,,,,,
LABALBUMINA,101,LAB ALBUMINA,76.94,89.25,85121800 - Laboratorios médicos,,,,,
LABALOR24HRAL,978,LAB ALBUMINA EN ORINA 24HRS(ALBUMIN IN URINE),181.03,209.99,85121800 - Laboratorios médicos,,,,,
LABALDOSER,102,LAB ALDOLASA SERICA,543.10,630.00,85121800 - Laboratorios médicos,,,,,
LABALDO,103,LAB ALDOSTERONA,633.62,735.00,85121800 - Laboratorios médicos,,,,,
LABASOMEC,104,LAB ALFA SOMATO-MEDINA C,724.14,840.00,85121800 - Laboratorios médicos,,,,,
LABALFAFETO,105,LAB ALFAFETOPROTEINA,434.48,504.00,85121800 - Laboratorios médicos,,,,,
LABALGROM,106,LAB ALGORITMO ROMA (CA-125 Y HE4),1900.86,2205.00,85121800 - Laboratorios médicos,,,,,
LABALPFAL,107,LAB ALP / F ALCALINA,76.94,89.25,85121800 - Laboratorios médicos,,,,,
LABALTTGP,108,LAB ALT / TGP,76.94,89.25,85121800 - Laboratorios médicos,,,,,
LABAMIFRES,109,LAB AMIBA EN FRESCO,76.94,89.25,85121800 - Laboratorios médicos,,,,,
LABAMILASA,110,LAB AMILASA,112.07,130.00,85121800 - Laboratorios médicos,,,,,
LABANDO,111,LAB ANDROSTENEDIONA,452.59,525.00,85121800 - Laboratorios médicos,,,,,
LABANFETA,112,LAB ANFETAMINAS,108.62,126.00,85121800 - Laboratorios médicos,,,,,
LABANGLA,133,LAB ANTGLIADINA,2081.90,2415.00,85121800 - Laboratorios médicos,,,,,
LABACLAMIGM,113,LAB ANTI CHLAMYDIA TRACHOMANTIS IGM,307.76,357.00,85121800 - Laboratorios médicos,,,,,
LABACANTIHIV12,915,LAB ANTI HIV 1 & 2,172.41,200.00,85121800 - Laboratorios médicos,,,,,
LABANTIJO,114,LAB ANTI JO,633.62,735.00,85121800 - Laboratorios médicos,,,,,
LABANTLUP,117,LAB ANTICOAGULANTE LUPICO,678.88,787.50,85121800 - Laboratorios médicos,,,,,
LABHEPAG,941,"LAB ANTICUERPO HEPATITIS ""A"" IGG",343.97,399.01,85121800 - Laboratorios médicos,,,,,
LABHEPAI,118,"LAB ANTICUERPO HEPATITIS ""A"" IGM",371.55,431.00,85121800 - Laboratorios médicos,,,,,
LABANTHEPAT,119,"LAB ANTICUERPO HEPATITIS ""A"" TOTALES",429.96,498.75,85121800 - Laboratorios médicos,,,,,
LABANTANT,121,LAB ANTICUERPOS TIROIDEOS,588.79,683.00,85121800 - Laboratorios médicos,,,,,
LABSDOP3,122,"LAB ANTIDOPING DE 3 (COCA, ANFETA, MARIG)",317.24,368.00,85121800 - Laboratorios médicos,,,,,
LABSDOP5,123,"LAB ANTIDOPING DE 5 (COCA, ANFE, THC, MORF, PCP)",325.86,378.00,85121800 - Laboratorios médicos,,,,,
LABANTSTRP,124,LAB ANTIESTREPTOLISINAS,81.90,95.00,85121800 - Laboratorios médicos,,,,,
LABANCAEM1,125,LAB ANTIGENO CARCINOEMBRIONARIO (CEA),443.53,514.49,85121800 - Laboratorios médicos,,,,,
LABANTCHLAM,126,LAB ANTIGENO DE CHLAMYDIA,362.07,420.00,85121800 - Laboratorios médicos,,,,,
LABANTCOHLA,127,LAB ANTIGENO DE COMPATIBILIDAD HLA B-27 EN SANGRE TOTAL,1242.24,1441.00,85121800 - Laboratorios médicos,,,,,
LABANGIAR,128,LAB ANTIGENO DE GIARDIA LAMBLIA,651.72,756.00,85121800 - Laboratorios médicos,,,,,
LABANTINF,129,LAB ANTIGENO DE INFLUENZA,706.03,818.99,85121800 - Laboratorios médicos,,,,,
LABHEPBA,130,LAB ANTIGENO E VIRUS HEPATITIS B (HBEAG),452.59,525.00,85121800 - Laboratorios médicos,,,,,
LABANTIP24,919,LAB ANTIGENO P24,209.48,243.00,85121800 - Laboratorios médicos,,,,,
LABANTPROSE,131,LAB ANTIGENO PROSTATICO ESPECIFICO (PSA),317.24,368.00,85121800 - Laboratorios médicos,,,,,
LABANSACO19,964,LAB ANTIGENO SARS-CoV-2 (COVID-19),362.07,420.00,85121800 - Laboratorios médicos,,,,,
LABANTMIT,115,LAB ANTI-MITOCONDRIALES,724.14,840.00,85121800 - Laboratorios médicos,,,,,
LABANTISSA,116,LAB ANTI-SSA (RO),452.59,525.00,85121800 - Laboratorios médicos,,,,,
LABAPOA1YB,134,LAB APO A1 Y B,905.17,1050.00,85121800 - Laboratorios médicos,,,,,
LABAPOA1,135,LAB APOLIPOPROTEINA A1,724.14,840.00,85121800 - Laboratorios médicos,,,,,
LABAPOA1B,136,LAB APOLIPOPROTEINA A1 - B,905.17,1050.00,85121800 - Laboratorios médicos,,,,,
LABAPOB,137,LAB APOLIPOPROTEINA B,724.14,840.00,85121800 - Laboratorios médicos,,,,,
LABASTTGO,138,LAB AST / TGO,76.94,89.25,85121800 - Laboratorios médicos,,,,,
LABAZUCRED,139,LAB AZUCARES REDUCTORES,103.45,120.00,85121800 - Laboratorios médicos,,,,,
LABB2MGL,140,LAB B2 MICROGLOBULINA,678.88,787.50,85121800 - Laboratorios médicos,,,,,
LABBAAR1,141,LAB BAAR 1 MUESTRA,144.83,168.00,85121800 - Laboratorios médicos,,,,,
.LABBAAR2,142,LAB BAAR 2 MUESTRAS,199.14,231.00,85121800 - Laboratorios médicos,,,,,
LABBAAR3,143,LAB BAAR 3 MUESTRAS,280.60,325.50,85121800 - Laboratorios médicos,,,,,
LABBARB,145,LAB BARBITURICOS,108.62,126.00,85121800 - Laboratorios médicos,,,,,
LABBENZODIA,146,LAB BENZODIAZEPINAS,108.62,126.00,85121800 - Laboratorios médicos,,,,,
LABBILDIR,147,LAB BILIRRUBINA DIR,72.41,84.00,85121800 - Laboratorios médicos,,,,,
LABBILIND,983,LAB BILIRRUBINA INDIRECTA,72.41,84.00,85121800 - Laboratorios médicos,,,,,
LABBILTOT,148,LAB BILIRRUBINA TOTAL,163.79,190.00,85121800 - Laboratorios médicos,,,,,
LABBIOHE,149,LAB BIOMETRIA HEMATICA COMPLETA,162.93,189.00,85121800 - Laboratorios médicos,,,,,
LABBRCA,150,LAB BRCA1 Y BRCA2 + CNVS POR NGS,13577.59,15750.00,85121800 - Laboratorios médicos,,,,,
LABBUNORI,971,LAB BUN EN ORINA,86.21,100.00,85121800 - Laboratorios médicos,,,,,
LABBUSOXI,151,LAB BUSQUEDA DE OXIUROS,181.03,209.99,85121800 - Laboratorios médicos,,,,,
LABBUSPLAS,152,LAB BUSQUEDA DE PLASMODIUM,159.48,185.00,85121800 - Laboratorios médicos,,,,,
LABCVEBPCR,153,LAB C. VIRAL DE EPSTEIN BAAR POR PCR,15387.93,17850.00,85121800 - Laboratorios médicos,,,,,
LABCA153,154,LAB CA 15-3,407.33,472.50,85121800 - Laboratorios médicos,,,,,
LABCA199,155,LAB CA 19-9,425.86,494.00,85121800 - Laboratorios médicos,,,,,
LABCA125,156,LAB CA-125,316.81,367.50,85121800 - Laboratorios médicos,,,,,
LABCALC,157,LAB CALCIO,103.45,120.00,85121800 - Laboratorios médicos,,,,,
LABCALOR,158,LAB CALCIO EN ORINA,185.34,214.99,85121800 - Laboratorios médicos,,,,,
LABCALION,159,LAB CALCIO IONIZADO,317.24,368.00,85121800 - Laboratorios médicos,,,,,
LABCALCITO,160,LAB CALCITONINA,625.00,725.00,85121800 - Laboratorios médicos,,,,,
LABCALCU,939,LAB CALCULOS,181.03,209.99,85121800 - Laboratorios médicos,,,,,
LABCALPLATO,161,LAB CALPROTECTINA CON LACTOFERRINA,814.66,945.01,85121800 - Laboratorios médicos,,,,,
LABCALLAC,162,LAB CALPROTECTINA EN HECES,588.36,682.50,85121800 - Laboratorios médicos,,,,,
LABCVVIHPCR,163,LAB CARGA VIRAL DE VIH POR PCR,3258.62,3780.00,85121800 - Laboratorios médicos,,,,,
LABCATOR24,164,LAB CATECOLAMINAS ORINA 24 HRS,2353.45,2730.00,85121800 - Laboratorios médicos,,,,,
LABCELLE,165,LAB CELULAS L.E.,138.79,161.00,85121800 - Laboratorios médicos,,,,,
LABCHK1,166,"LAB CHECK-UP 1 (BHC,QS32,EGO)",896.12,1039.50,85121800 - Laboratorios médicos,,,,,
LABCHK2,167,"LAB CHECK-UP 2 (BHC,QS32,EGO,PTC,HBA1C)",1710.78,1984.50,85121800 - Laboratorios médicos,,,,,
LABCHKUPCOM,170,"LAB CHECK-UP COMPLETO (BIOMETRIA HEMATICA, QUIMICA SANG 32 ELEM Y EXAMEN ORINA)",896.12,1039.50,85121800 - Laboratorios médicos,,,,,
LABCHIKUN,174,LAB CHIKUNGUNYA IGM,317.24,368.00,85121800 - Laboratorios médicos,,,,,
LABCHKPOBS,175,LAB CHKUP PREOP BAS,1693.58,1964.55,85121800 - Laboratorios médicos,,,,,
LABCHKPOPL,176,LAB CHKUP PREOP PLUS,2033.02,2358.30,85121800 - Laboratorios médicos,,,,,
LABCHINHIE,177,LAB CINETICA DE HIERRO,633.62,735.00,85121800 - Laboratorios médicos,,,,,
LABCISTATC,178,LAB CISTATINA C,905.17,1050.00,85121800 - Laboratorios médicos,,,,,
LABCITMOFE,179,LAB CITOLOGIA DE MOCO FECAL,77.59,90.00,85121800 - Laboratorios médicos,,,,,
LABCITNAS,925,LAB CITOLOGIA NASAL,72.41,84.00,85121800 - Laboratorios médicos,,,,,
LABCITOIGM,180,LAB CITOMEGALOVIRUS IGM,506.90,588.00,85121800 - Laboratorios médicos,,,,,
LABCITO,181,LAB CITOQUIMICO,543.10,630.00,85121800 - Laboratorios médicos,,,,,
LABCITLIQAS,960,LAB CITOQUIMICO DE LIQUIDO DE ASCITIS,543.10,630.00,85121800 - Laboratorios médicos,,,,,
LABCITLIQPE,962,LAB CITOQUIMICO DE LIQUIDO PERITONEAL,543.10,630.00,85121800 - Laboratorios médicos,,,,,
LABCITLIQSI,957,LAB CITOQUIMICO DE LIQUIDO SINOVIAL,543.10,630.00,85121800 - Laboratorios médicos,,,,,
LABCITLIQPL,961,LAB CITOQUIMICO EN LIQUIDO PLEURAL,586.21,680.00,85121800 - Laboratorios médicos,,,,,
LABCKCRKI,182,LAB CK CREATIN KINASA,86.21,100.00,85121800 - Laboratorios médicos,,,,,
LABCKMB,183,LAB CKMB,189.66,220.01,85121800 - Laboratorios médicos,,,,,
LABCLOORIAZ,972,LAB CLORO EN ORINA AL AZAR,185.34,214.99,85121800 - Laboratorios médicos,,,,,
LABCLOR24HR,970,LAB CLORO EN ORINA DE 24 HRS,317.24,368.00,85121800 - Laboratorios médicos,,,,,
LABCOBRE,184,LAB COBRE,1176.72,1365.00,85121800 - Laboratorios médicos,,,,,
LABCOCA,185,LAB COCAINA,108.62,126.00,85121800 - Laboratorios médicos,,,,,
LABCOL,186,LAB COLESTEROL,76.94,89.25,85121800 - Laboratorios médicos,,,,,
LABCOLINEST,187,LAB COLINESTERASA,814.66,945.01,85121800 - Laboratorios médicos,,,,,
LABCOLERI,188,LAB COLINESTERASA ERITROCITARIA,860.34,998.00,85121800 - Laboratorios médicos,,,,,
LABCO3,189,LAB COMPLEMENTO 3,271.55,315.00,85121800 - Laboratorios médicos,,,,,
LABCO4,190,LAB COMPLEMENTO 4,452.59,525.00,85121800 - Laboratorios médicos,,,,,
LABSIFI,191,LAB CONFIRMAT. SIFILIS,407.33,472.50,85121800 - Laboratorios médicos,,,,,
LABCOOMBSD,196,LAB COOMBS DIRECTO,135.78,157.50,85121800 - Laboratorios médicos,,,,,
LABCOOMBSI,197,LAB COOMBS INDIRECTO,153.88,178.50,85121800 - Laboratorios médicos,,,,,
LABCOPAUT,926,LAB COPROCULTIVO AUTOMATIZADO,1034.48,1200.00,85121800 - Laboratorios médicos,,,,,
LABCOPROLO,198,LAB COPROLOGICO,344.83,400.00,85121800 - Laboratorios médicos,,,,,
LABCOPX3MUE,958,LAB COPROLOGICO X 3 MUESTRAS,806.03,934.99,85121800 - Laboratorios médicos,,,,,
LABCOPRO1,199,LAB COPROPARASITOSCOPICO 1 MUESTRA,86.21,100.00,85121800 - Laboratorios médicos,,,,,
LABCOPRO2,200,LAB COPROPARASITOSCOPICO 2 MUESTRAS,135.78,157.50,85121800 - Laboratorios médicos,,,,,
LABCOPRO3,201,LAB COPROPARASITOSCOPICO 3 MUESTRAS,172.41,200.00,85121800 - Laboratorios médicos,,,,,
LABCORTIZ,202,LAB CORTISOL,253.45,294.00,85121800 - Laboratorios médicos,,,,,
LABCOOR24,203,LAB CORTISOL ORINA 24 HRS,294.18,341.25,85121800 - Laboratorios médicos,,,,,
LABCOVPCR,205,LAB COVID 19 PCR,1357.76,1575.00,85121800 - Laboratorios médicos,,,,,
LABCOINVSR,784,"LAB COVID, INFLUENZA Y VSR",1780.00,2064.80,85121800 - Laboratorios médicos,,,,,
LABCRFOCICP,969,LAB CREATIN FOSFO-CINASA (CPK),155.17,180.00,85121800 - Laboratorios médicos,,,,,
LABCRATICPK,980,LAB CREATINFOSFOQUINASA (CPK),136.21,158.00,85121800 - Laboratorios médicos,,,,,
LABCREAFRAM,982,LAB CREATINFOSFOQUINASA FRACCION MB,189.66,220.01,85121800 - Laboratorios médicos,,,,,
LABCREAT1,207,LAB CREATININA,76.94,89.25,85121800 - Laboratorios médicos,,,,,
LABCRIOG,208,LAB CRIOGLOBULINAS,543.10,630.00,85121800 - Laboratorios médicos,,,,,
LABCRYPAR,211,LAB CRYPTOSPORIDIUM PARVUM,262.50,304.50,85121800 - Laboratorios médicos,,,,,
LABCUAMAG,212,LAB CUADRUPLE MARCADOR GENETICO,4435.34,5144.99,85121800 - Laboratorios médicos,,,,,
LABDNCULANA,214,LAB CULTIVO ANAEROBICOS,362.07,420.00,85121800 - Laboratorios médicos,,,,,
LABDNCULAUT,216,LAB CULTIVO AUTOMATIZADO,896.55,1040.00,85121800 - Laboratorios médicos,,,,,
LABDNCULBAC,217,LAB CULTIVO BACTERIANO,362.07,420.00,85121800 - Laboratorios médicos,,,,,
LABCUPUCA,917,LAB CULTIVO DE  PUNTA DE CATÉTER,253.45,294.00,85121800 - Laboratorios médicos,,,,,
LABDNCULHRD,220,LAB CULTIVO DE HERIDA,262.50,304.50,85121800 - Laboratorios médicos,,,,,
LABDNCULHON,221,LAB CULTIVO DE HONGOS (MICOLOGICO),380.17,441.00,85121800 - Laboratorios médicos,,,,,
LABCULNEI,918,LAB CULTIVO DE Neisseria,1034.48,1200.00,85121800 - Laboratorios médicos,,,,,
LABACREACE,924,LAB CULTIVO DE Virbio cholerae,1206.90,1400.00,85121800 - Laboratorios médicos,,,,,
LABCULEXPEC,222,LAB CULTIVO EXPECTORACION,262.50,304.50,85121800 - Laboratorios médicos,,,,,
LABDNCULFAR,224,LAB CULTIVO FARINGEO,262.50,304.50,85121800 - Laboratorios médicos,,,,,
LABCLFRAUTO,945,LAB CULTIVO FARINGEO AUTOMATIZADO,1034.48,1200.00,85121800 - Laboratorios médicos,,,,,
LABCULMYC,228,LAB CULTIVO MYCOBACTERIUM,1206.90,1400.00,85121800 - Laboratorios médicos,,,,,
LABDNCULMYC,226,LAB CULTIVO MYCOPLASMA-UREAPLASMA,850.00,986.00,85121800 - Laboratorios médicos,,,,,
LABDNCULNAS,230,LAB CULTIVO NASAL/NASOFARINGEO,262.50,304.50,85121800 - Laboratorios médicos,,,,,
LABDNCULOF,232,LAB CULTIVO OFTALMICO,262.50,304.50,85121800 - Laboratorios médicos,,,,,
LABDNCULOT,234,LAB CULTIVO OTICO,262.50,304.50,85121800 - Laboratorios médicos,,,,,
LABDNCULURT,235,LAB CULTIVO URETRAL,262.50,304.50,85121800 - Laboratorios médicos,,,,,
LABDNCULVG,236,LAB CULTIVO VAGINAL,317.24,368.00,85121800 - Laboratorios médicos,,,,,
LABCUVAA,920,LAB CULTIVO VAGINAL AUTOMATIZADO,1034.48,1200.00,85121800 - Laboratorios médicos,,,,,
LABCULVUL,943,LAB CULTIVO VULVAR,199.14,231.00,85121800 - Laboratorios médicos,,,,,
LABCTGLBA60,929,"LAB CURVA DE TOLERANCIA A LA GLUCOSA (BASAL, 60, 120)",474.14,550.00,85121800 - Laboratorios médicos,,,,,
LABCUTOGLB6,948,"LAB CURVA DE TOLERANCIA A LA GLUCOSA (BASAL,60,90,120)",474.14,550.00,85121800 - Laboratorios médicos,,,,,
LABCUTOGLU3,927,LAB CURVA DE TOLERANCIA A LA GLUCOSA 3 HRS,474.14,550.00,85121800 - Laboratorios médicos,,,,,
LABCTGL0306,928,"LAB CURVA DE TOLERANCIA A LA GLUCOSA(0,30,60,120)",474.14,550.00,85121800 - Laboratorios médicos,,,,,
LABCTIB3060,937,"LAB CURVA DE TOLERANCIA A LA INSULINA (B,30, 60, 120)",1293.10,1500.00,85121800 - Laboratorios médicos,,,,,
LABCTIN5TIE,930,LAB CURVA DE TOLERANCIA A LA INSULINA X 5 TIEMPOS,1293.10,1500.00,85121800 - Laboratorios médicos,,,,,
LABCURHC,238,LAB CURVA HORMONA CRECIMIENTO,1086.21,1260.00,85121800 - Laboratorios médicos,,,,,
LABDESU,913,LAB DEHIDROEPIANDROSTERONA SULFATO (DHEA-SO4),767.24,890.00,85121800 - Laboratorios médicos,,,,,
LABDENIGG,239,LAB DENGUE IGG,271.55,315.00,85121800 - Laboratorios médicos,,,,,
LABDENIGGM,241,LAB DENGUE IGG E IGM,543.10,630.00,85121800 - Laboratorios médicos,,,,,
LABDENIGM,249,LAB DENGUE IGM,307.76,357.00,85121800 - Laboratorios médicos,,,,,
LABDEPCRE,251,LAB DEPURACION DE CREATININA,226.72,263.00,85121800 - Laboratorios médicos,,,,,
LABSIKA,252,LAB DETECCION ZIKA,633.62,735.00,85121800 - Laboratorios médicos,,,,,
LABDETPRBE,253,LAB DETERM. PROT. BENCE JONES,317.24,368.00,85121800 - Laboratorios médicos,,,,,
LABDHEA,255,LAB DHEA,767.24,890.00,85121800 - Laboratorios médicos,,,,,
LABDHS04,257,LAB DHEA-S04,407.33,472.50,85121800 - Laboratorios médicos,,,,,
LABDIFTOT,260,"LAB DIFENILHIDANTOINA TOTAL (FENTBINA, EPAMIN, DILANTIL, NUCTANE)",543.10,630.00,85121800 - Laboratorios médicos,,,,,
LABDIMD,261,LAB DIMERO D,948.28,1100.00,85121800 - Laboratorios médicos,,,,,
LABDUOMPI,262,LAB DUO MARC PREN C/INTER,2715.52,3150.00,85121800 - Laboratorios médicos,,,,,
LABELEHEM,264,LAB ELECTROFORESIS DE HEMOGLOBINA 15 DIAS,905.17,1050.00,85121800 - Laboratorios médicos,,,,,
LABELEFORP,266,LAB ELECTROFORESIS DE PROTEINAS,543.10,630.00,85121800 - Laboratorios médicos,,,,,
LABELEPU,271,LAB ELECTROFORESIS DE PROTEINAS URINARIAS,1086.21,1260.00,85121800 - Laboratorios médicos,,,,,
LABELEPS,268,LAB ELECTROFORESIS DE PROTENIAS SERICAS,543.10,630.00,85121800 - Laboratorios médicos,,,,,
LABELE6,273,LAB ELECTROLITOS (6),588.79,683.00,85121800 - Laboratorios médicos,,,,,
LABELEOR,275,LAB ELECTROLITOS EN ORINA 24HRS,434.48,504.00,85121800 - Laboratorios médicos,,,,,
LABELESER3,950,LAB ELECTROLITOS SERICOS (3),208.62,242.00,85121800 - Laboratorios médicos,,,,,
LABELECMAKC,277,LAB ELECTROLITOS SERICOS (NA-K-CL),271.55,315.00,85121800 - Laboratorios médicos,,,,,
LABELEURI,279,"LAB ELECTROLITOS URINARIOS (NA, K, CL)",362.07,420.00,85121800 - Laboratorios médicos,,,,,
LABVPHCI,280,LAB EN CITOLOGIA BASE LIQUIDA (papa),787.93,914.00,85121800 - Laboratorios médicos,,,,,
LABEOSINOF1,282,LAB EOSINOFILOS EN MOCO NASAL 1 MUESTRA,103.45,120.00,85121800 - Laboratorios médicos,,,,,
LABEOSINOF,283,LAB EOSINOFILOS EN MOCO NASAL 2 MUESTRAS,129.31,150.00,85121800 - Laboratorios médicos,,,,,
LABEOSINOF3,284,LAB EOSINOFILOS EN MODO NASAL 3 MUESTRAS,146.55,170.00,85121800 - Laboratorios médicos,,,,,
LABEPSBAAG,285,LAB EPSTEIN BAAR IGG,633.62,735.00,85121800 - Laboratorios médicos,,,,,
LABEPSBAAR,287,LAB EPSTEIN BAAR IgG y IgM,1267.24,1470.00,85121800 - Laboratorios médicos,,,,,
LABEPSBAAM,286,LAB EPSTEIN BAAR IGM,633.62,735.00,85121800 - Laboratorios médicos,,,,,
LABESPMTO,288,LAB ESPERMATOBIOSCOPIA,253.45,294.00,85121800 - Laboratorios médicos,,,,,
LABESTRA,289,LAB ESTRADIOL,262.50,304.50,85121800 - Laboratorios médicos,,,,,
LABESTROG,290,LAB ESTROGENOS TOTALES,262.50,304.50,85121800 - Laboratorios médicos,,,,,
LABESTRO,297,LAB ESTRONA,2068.97,2400.01,85121800 - Laboratorios médicos,,,,,
LABEGO,298,LAB EXAMEN GENERAL DE ORINA,100.00,116.00,85121800 - Laboratorios médicos,,,,,
PAQPREN,299,"LAB EXAMEN PRENUPCIAL (GPO S, CERT. MED., VDRL/VIH)",469.78,544.94,85121800 - Laboratorios médicos,,,,,
LABFALFRO,300,LAB F. ALCALINA FRACCION OSEA,162.93,189.00,85121800 - Laboratorios médicos,,,,,
LABFACREM,322,LAB FACTOR REUMATOIDE,81.90,95.00,85121800 - Laboratorios médicos,,,,,
LABFVML,324,LAB FACTOR V MUTACION LEIDEN,3711.21,4305.00,85121800 - Laboratorios médicos,,,,,
LABFERRI,326,LAB FERRITINA,334.91,388.50,85121800 - Laboratorios médicos,,,,,
LABFIBR,327,LAB FIBRINOGENO,199.14,231.00,85121800 - Laboratorios médicos,,,,,
LABFIBRO,329,LAB FIBROTEST,6788.79,7875.00,85121800 - Laboratorios médicos,,,,,
LABFOSALO,330,LAB FOSFATA ALCALINA OSEA,995.69,1155.00,85121800 - Laboratorios médicos,,,,,
LABFOSAC,332,LAB FOSFATASA ACIDA,316.81,367.50,85121800 - Laboratorios médicos,,,,,
LABFOSFO,335,LAB FOSFORO,129.31,150.00,85121800 - Laboratorios médicos,,,,,
LABFOSOR,336,LAB FOSFORO EN ORINA,181.03,209.99,85121800 - Laboratorios médicos,,,,,
LABFROHER,988,LAB FROTIS DE HERIDA,750.00,870.00,85121800 - Laboratorios médicos,,,,,
LABFROSANPE,965,LAB FROTIS SANGRE PERIFERICA,90.52,105.00,85121800 - Laboratorios médicos,,,,,
LABTIVPH,338,LAB GENOTIPIFICACION DE VPH,3530.17,4095.00,85121800 - Laboratorios médicos,,,,,
LABGGT,340,LAB GGT GAMA GLUTAMIL TRANSPEPTIDASA,76.94,89.25,85121800 - Laboratorios médicos,,,,,
LABGLFHS,342,LAB GLOBULINA FIJADORA DE LA HORMONA SEXUAL (SHBG),859.91,997.50,85121800 - Laboratorios médicos,,,,,
LABGLUCO,345,LAB GLUCOSA,76.94,89.25,85121800 - Laboratorios médicos,,,,,
LABGLUBAPOS,946,LAB GLUCOSA BASAL Y POSTPRANDIAL,226.72,263.00,85121800 - Laboratorios médicos,,,,,
LABGLBAPOPR,949,LAB GLUCOSA BASAL Y POST-PRANDIAL,226.72,263.00,85121800 - Laboratorios médicos,,,,,
LABGONACOR,346,LAB GONADOTROPINA CORIONICA HUMANA,371.12,430.50,85121800 - Laboratorios médicos,,,,,
LABGOTGRU,966,LAB GOTA GRUESA,129.31,150.00,85121800 - Laboratorios médicos,,,,,
LABGRRH,356,LAB GRUPO Y RH,94.83,110.00,85121800 - Laboratorios médicos,,,,,
LABHDLCOL,357,LAB HDL COLESTEROL,90.52,105.00,85121800 - Laboratorios médicos,,,,,
LABHELIGA6,358,LAB HELICOBACTER IGA - 6 X4,1448.28,1680.00,85121800 - Laboratorios médicos,,,,,
LABHEMO1,359,LAB HEMOGLOBINA GLUCOSILADA,312.28,362.24,85121800 - Laboratorios médicos,,,,,
LABHEPBAUS,360,LAB HEPATITIS B AG AUSTRALIA,271.55,315.00,85121800 - Laboratorios médicos,,,,,
LABHEPACC,361,LAB HEPATITIS C  CUANTITATIVO,452.59,525.00,85121800 - Laboratorios médicos,,,,,
LABHEPCUAL,362,LAB HEPATITIS CUALITATIVO,271.55,315.00,85121800 - Laboratorios médicos,,,,,
LABHERPIGGM,378,LAB HERPES I IGG E IGM,814.66,945.01,85121800 - Laboratorios médicos,,,,,
LABHERPIGM,380,LAB HERPES I IGM,425.43,493.50,85121800 - Laboratorios médicos,,,,,
LABHERIIIGG,381,LAB HERPES VIRUS II IGG,271.55,315.00,85121800 - Laboratorios médicos,,,,,
LABHERIGGM,386,LAB HERPES VIRUS II IGG E IGM,896.12,1039.50,85121800 - Laboratorios médicos,,,,,
LABHERIIIGM,387,LAB HERPES VIRUS II IGM,307.76,357.00,85121800 - Laboratorios médicos,,,,,
LABHIERRO,388,LAB HIERRO,226.29,262.50,85121800 - Laboratorios médicos,,,,,
LABHISTO,389,LAB HISTOPLASMA CAPSULATUM,1086.21,1260.00,85121800 - Laboratorios médicos,,,,,
LABHOMOC,390,LAB HOMOCISTEINA,896.12,1039.50,85121800 - Laboratorios médicos,,,,,
LABHORLUT,392,"LAB HORM, LUTEIZANTE",244.40,283.50,85121800 - Laboratorios médicos,,,,,
LABHORMFOL,391,LAB HORM. FOL. EST.,244.40,283.50,85121800 - Laboratorios médicos,,,,,
LABHORLUT,393,LAB HORM. LUTEINIZANTE,244.40,283.50,85121800 - Laboratorios médicos,,,,,
LABHORADN,394,LAB HORMONA ADRENOCORTICOTROFICA (ACTH) 600,543.10,630.00,85121800 - Laboratorios médicos,,,,,
LABHORMUL,395,LAB HORMONA ANTI-MULLERIANA,2262.93,2625.00,85121800 - Laboratorios médicos,,,,,
LABCBPE,396,LAB HORMONA DE CREC. BASAL Y POST-ESTIMULO,588.36,682.50,85121800 - Laboratorios médicos,,,,,
LABHORMCRE,397,LAB HORMONA DE CRECIMIENTO,452.59,525.00,85121800 - Laboratorios médicos,,,,,
LABHRFLES,914,LAB HORMONA FOLICULO ESTIMULANTE,208.62,242.00,85121800 - Laboratorios médicos,,,,,
LABHOPT,398,LAB HORMONA PARATIROIDEA (PTH-1),497.84,577.49,85121800 - Laboratorios médicos,,,,,
LABHORCOM,399,"LAB HORMONAL COMPLETO + T3L, T4L",1783.19,2068.50,85121800 - Laboratorios médicos,,,,,
LABIDENPAR,400,LAB IDENTIFICACION DE PARASITO,171.98,199.50,85121800 - Laboratorios médicos,,,,,
LABHORCRE4,401,LAB IGFBP-3 (IGF PROTEINA 3),1086.21,1260.00,85121800 - Laboratorios médicos,,,,,
LABINMEQ,402,LAB INMUNOESTOQUIMICA,4525.86,5250.00,85121800 - Laboratorios médicos,,,,,
LABINMGA,403,LAB INMUNOGLOBULINA A,334.91,388.50,85121800 - Laboratorios médicos,,,,,
LABINMUNGLE,404,LAB INMUNOGLOBULINA E (IGE),289.66,336.01,85121800 - Laboratorios médicos,,,,,
LABINSUL1,405,LAB INSULINA,353.02,409.50,85121800 - Laboratorios médicos,,,,,
LABBAAREXXP,921,LAB INV. BAAR EN MUESTRA DE EXPECTORACION,317.24,368.00,85121800 - Laboratorios médicos,,,,,
LABLDHDELA,406,LAB LDH (DESHIGROGENASA LACTICA),117.67,136.50,85121800 - Laboratorios médicos,,,,,
LABLINFCD4,407,LAB LINFOCITOS CD4,1855.60,2152.50,85121800 - Laboratorios médicos,,,,,
LABLIPASA,408,LAB LIPASA,135.78,157.50,85121800 - Laboratorios médicos,,,,,
LABLIPTOT,409,LAB LIPIDOS TOTALES,117.67,136.50,85121800 - Laboratorios médicos,,,,,
LABMAG,410,LAB MAGNESIO,155.17,180.00,85121800 - Laboratorios médicos,,,,,
LABMAGOR,411,LAB MAGNESIO EN ORINA,271.55,315.00,85121800 - Laboratorios médicos,,,,,
LABTUM2729,412,LAB MARCADOR TUMORAL 27-29,1357.76,1575.00,85121800 - Laboratorios médicos,,,,,
LABMATUCA27,413,LAB MARCADOR TUMORAL CA 27 29,1357.76,1575.00,85121800 - Laboratorios médicos,,,,,
LABMCTUM,414,LAB MARCADOR TUMORAL CA72-4,1176.72,1365.00,85121800 - Laboratorios médicos,,,,,
LABCARAB,415,LAB MARIGUANA (CARABINOIDES),108.62,126.00,85121800 - Laboratorios médicos,,,,,
LABMER,416,LAB MERCURIO,1267.24,1470.00,85121800 - Laboratorios médicos,,,,,
LABMICALB,448,LAB MICROALBUMINURIA,334.91,388.50,85121800 - Laboratorios médicos,,,,,
LABMIOGBL,449,LAB MIOGLOBULINA,905.17,1050.00,85121800 - Laboratorios médicos,,,,,
LABMONSUPVI,959,LAB MONITOREO DE SUPERFICIES VIVAS,362.07,420.00,85121800 - Laboratorios médicos,,,,,
LABMONON,450,LAB MONONUCLEOSIS,407.33,472.50,85121800 - Laboratorios médicos,,,,,
LABMTHF,451,LAB MTHF (MUTACION 677-C),3530.17,4095.00,85121800 - Laboratorios médicos,,,,,
LABNITUREI,979,LAB NITROGENO UREICO,86.21,100.00,85121800 - Laboratorios médicos,,,,,
LABNCARB,452,LAB NIVEL CARBAMACEPINA,678.88,787.50,85121800 - Laboratorios médicos,,,,,
LABOXIGRA,938,LAB OXIURUS (TECNICA DE GRAHAM)21,181.03,209.99,85121800 - Laboratorios médicos,,,,,
LABPANLEV,922,LAB PANEL DE LEVADURAS,1163.79,1350.00,85121800 - Laboratorios médicos,,,,,
LABPAPATAM,453,LAB PAPANICOLAU+TAMIZ COLPOSCOPICO,633.62,735.00,85121800 - Laboratorios médicos,,,,,
LABPAQCO,454,LAB PAQ CHECK-UP PAPA COMPLETO,1846.55,2142.00,85121800 - Laboratorios médicos,,,,,
LABPAQCONG,987,"LAB PAQ CONGRESO QS 35, BHC, PERFIL TIROIDEO, EXAMEN GENERAL DE ORINA.",-,-,85121800 - Laboratorios médicos,,,,,
LABTRFR,455,LAB PAQ TRANSFERRINA Y FERRITINA,497.84,577.49,85121800 - Laboratorios médicos,,,,,
LABPQCOM,456,LAB PAQUETE HORM. COMPLETO,1258.19,1459.50,85121800 - Laboratorios médicos,,,,,
LABPCRCT,457,LAB PCR CUANTITATIVA,407.33,472.50,85121800 - Laboratorios médicos,,,,,
LABPCRPAP,458,LAB PCR PAPILOMA HUM,3620.69,4200.00,85121800 - Laboratorios médicos,,,,,
LABCOVINF,459,LAB PCR PARA SARS-COV-2 E INFLUENZA A Y B,1928.02,2236.50,85121800 - Laboratorios médicos,,,,,
labpcrrick,986,Lab PCR Rickettsia,5127.16,5947.50,85121800 - Laboratorios médicos,,,,,
LABPCRU,460,LAB PCR ULTRASENSIBLE,407.33,472.50,85121800 - Laboratorios médicos,,,,,
LABPEPC,461,LAB PEPTIDO C,543.10,630.00,85121800 - Laboratorios médicos,,,,,
LABPEPCIC,462,LAB PEPTIDO CICLICO CITRULINADO (PPC),1086.21,1260.00,85121800 - Laboratorios médicos,,,,,
LABPEPNAT,463,LAB PEPTIDO NATRIURETICO (BNP),1551.72,1800.00,85121800 - Laboratorios médicos,,,,,
LABPB12,464,LAB PERF BIOQ 12 ELEM.,543.10,630.00,85121800 - Laboratorios médicos,,,,,
LABPB24,465,LAB PERF BIOQ 24 ELEM.,633.62,735.00,85121800 - Laboratorios médicos,,,,,
LABPB27,466,LAB PERF BIOQ 27 ELEM.,771.55,895.00,85121800 - Laboratorios médicos,,,,,
LABPB28,467,LAB PERF BIOQ 28 ELEM.,771.55,895.00,85121800 - Laboratorios médicos,,,,,
LABPB32,468,LAB PERF BIOQ 32 ELEM.,771.55,895.00,85121800 - Laboratorios médicos,,,,,
LABPB35,469,LAB PERF BIOQ 35 ELEM.,771.55,895.00,85121800 - Laboratorios médicos,,,,,
LABPERFBQ38,470,LAB PERF BIOQ 38 ELEM.,1520.69,1764.00,85121800 - Laboratorios médicos,,,,,
LABPERALEAL,471,LAB PERFIL DE ALERGENOS ALIMENTICIOS,3168.10,3675.00,85121800 - Laboratorios médicos,,,,,
LABPERALECO,472,LAB PERFIL DE ALERGENOS COMBINADOS,5883.62,6825.00,85121800 - Laboratorios médicos,,,,,
LABPERALEIN,473,LAB PERFIL DE ALERGENOS INHALATORIOS,3168.10,3675.00,85121800 - Laboratorios médicos,,,,,
LABPERANE,474,LAB PERFIL DE ANEMIA,995.69,1155.00,85121800 - Laboratorios médicos,,,,,
LABPERCOM,475,LAB PERFIL DE COMPLEMENTOS,678.88,787.50,85121800 - Laboratorios médicos,,,,,
LABPEDRORCM,953,LAB PERFIL DE DROGAS EN ORINA (COC MAR AMP MET OPIAC BARB BZO),498.28,578.00,85121800 - Laboratorios médicos,,,,,
LABPEREB,476,LAB PERFIL DE EPSTEIN BARR,2081.90,2415.00,85121800 - Laboratorios médicos,,,,,
LABPERFHEP,477,"LAB PERFIL DE FUNC. HEPATICO (BILIS, AST, ALT, ALP)",353.02,409.50,85121800 - Laboratorios médicos,,,,,
LABPERINMUN,478,LAB PERFIL DE INMUNOGLOBULINAS,859.91,997.50,85121800 - Laboratorios médicos,,,,,
LABPERLIP,479,LAB PERFIL DE LIPIDOS,343.97,399.01,85121800 - Laboratorios médicos,,,,,
LABTORCHCH,910,LAB PERFIL DE TORCH CHAGAS,1909.83,2215.40,85121800 - Laboratorios médicos,,,,,
LABPERENA,480,LAB PERFIL ENA,1403.02,1627.50,85121800 - Laboratorios médicos,,,,,
LABETS1,481,"LAB PERFIL ETS (HIV, VDRL Y HEPATITIS B)",678.88,787.50,85121800 - Laboratorios médicos,,,,,
LABPERFGINE,482,LAB PERFIL GINECOLOGICO,887.07,1029.00,85121800 - Laboratorios médicos,,,,,
LABPERHOMA,483,"LAB PERFIL HOMA (GLU, INSU)",402.80,467.25,85121800 - Laboratorios médicos,,,,,
LABPERHF,484,LAB PERFIL HORM. FEM. COMPLETO,905.17,1050.00,85121800 - Laboratorios médicos,,,,,
LABPEHOCOM,952,LAB PERFIL HORMONAL COMPLETO,1041.38,1208.00,85121800 - Laboratorios médicos,,,,,
LABPERHRM,485,LAB PERFIL HORMONAL MASCULINO,905.17,1050.00,85121800 - Laboratorios médicos,,,,,
LABPERMTF,486,"LAB PERFIL MARC TUM. FEM. AFP, CEA, CA 125, CA 19-9, CA15-3",1710.78,1984.50,85121800 - Laboratorios médicos,,,,,
LABPERMTM,487,"LAB PERFIL MARC TUM. MASC AFP, CEA, ANT P E, CA 19-9, ANT P E FRACC L",1710.78,1984.50,85121800 - Laboratorios médicos,,,,,
LABPERM,488,"LAB PERFIL MASCULINO (LH, FSA, PRL, ESTRADIOL, TES)",805.60,934.50,85121800 - Laboratorios médicos,,,,,
LABCHKPEMC,489,"LAB PERFIL MUJER COMPLETO (BH, QS50, EGO, PERF. GINECO: LH,FSH, PRL, PRG, ESTRADIOL)",2009.48,2331.00,85121800 - Laboratorios médicos,,,,,
LABPRENAT,490,LAB PERFIL PRENATAL COMPLETO,1493.53,1732.49,85121800 - Laboratorios médicos,,,,,
LABPERPREO,491,"LAB PERFIL PREOPERATORIO BIOMETRIA HEMATICA, GRUPO SANGUINEO, QUIMICA SANGUINEA 3 ELEM (GLUCOSA, UREA, CREATININA), TP, TPT, VDRL, VIH",742.24,861.00,85121800 - Laboratorios médicos,,,,,
LABPERREU,492,"LAB PERFIL REUMATICO (AEL, PCR, FR, AU, VSG)",362.07,420.00,85121800 - Laboratorios médicos,,,,,
LABPERFTA,493,LAB PERFIL TIR. COMP. CON AC ANTITIROIDEOS,1077.16,1249.51,85121800 - Laboratorios médicos,,,,,
LABPERFTIB,494,"LAB PERFIL TIROIDEO BASICO (TSH, T3, T4, TUIP, ITL)",660.78,766.50,85121800 - Laboratorios médicos,,,,,
LABPETIBAS1,955,LAB PERFIL TIROIDEO BASICO I,425.86,494.00,85121800 - Laboratorios médicos,,,,,
LABPETIBAS2,951,LAB PERFIL TIROIDEO BÁSICO II,353.45,410.00,85121800 - Laboratorios médicos,,,,,
LABPERFTIC,495,LAB PERFIL TIROIDEO COMPLETO,841.81,976.50,85121800 - Laboratorios médicos,,,,,
LABTORCH,496,LAB PERFIL TORCH,1357.76,1575.00,85121800 - Laboratorios médicos,,,,,
LABPERTORGM,497,LAB PERFIL TORCH G Y M,1991.38,2310.00,85121800 - Laboratorios médicos,,,,,
LABPERTRI,498,"LAB PERFIL TRIAGE (TROPO, CKMB, MIO)",1357.76,1575.00,85121800 - Laboratorios médicos,,,,,
LABPPSA,499,"LAB PERFIN PSA (PSAT, PSAL, RELACION)",733.19,850.50,85121800 - Laboratorios médicos,,,,,
LABPHFEC,500,LAB PH FECAL,76.94,89.25,85121800 - Laboratorios médicos,,,,,
LABPLAQ,501,LAB PLAQUETAS,144.83,168.00,85121800 - Laboratorios médicos,,,,,
LABPL,502,LAB PLOMO,724.14,840.00,85121800 - Laboratorios médicos,,,,,
LABPOTASIO,977,LAB POTASIO,129.31,150.00,85121800 - Laboratorios médicos,,,,,
LABPOOR24HR,973,LAB POTASIO EN ORINA DE 24 HRS,317.24,368.00,85121800 - Laboratorios médicos,,,,,
LABPRNONO,505,LAB PREGNONOLONA,3168.10,3675.00,85121800 - Laboratorios médicos,,,,,
LABPNP22Q,516,LAB PRENATAL PANOR CON 22Q,14482.76,16800.00,85121800 - Laboratorios médicos,,,,,
LABPNPB,518,LAB PRENATAL PANORAMA BASICO,14482.76,16800.00,85121800 - Laboratorios médicos,,,,,
LABPNPE,519,LAB PRENATAL PANORAMA EXTENDIDO,17650.86,20475.00,85121800 - Laboratorios médicos,,,,,
LABPRENUP,521,"LAB PRENUPCIALES (VDRL, VIH Y GRUPO/RH)",469.78,544.94,85121800 - Laboratorios médicos,,,,,
LABPRENUP1,523,"LAB PRENUPCIALES (VDRL, VIH Y GRUPO/RH) 2020",362.07,420.00,85121800 - Laboratorios médicos,,,,,
LABPRCALCIT,524,LAB PROCALCITONINA,1206.90,1400.00,85121800 - Laboratorios médicos,,,,,
LABPROG,526,LAB PROGESTERONA,253.45,294.00,85121800 - Laboratorios médicos,,,,,
LABPRINS,527,LAB PROINSULINA,3439.66,3990.01,85121800 - Laboratorios médicos,,,,,
LABPROL,529,LAB PROLACTINA,244.40,283.50,85121800 - Laboratorios médicos,,,,,
PLAPPROPT,530,LAB PROM PERFIL TIROIDEO,905.17,1050.00,85121800 - Laboratorios médicos,,,,,
LABPRENUPP,532,LAB PROMOCION PAQUETE PRENUPCIAL,398.28,462.00,85121800 - Laboratorios médicos,,,,,
LABPROCEA,533,LAB PROTEINA C REACTIVA,81.90,95.00,85121800 - Laboratorios médicos,,,,,
LABPROCREUS,990,LAB PROTEINA C REACTIVA ULTRA SENSIBLE,500.00,580.00,85121800 - Laboratorios médicos,,,,,
LABPROORI,535,LAB PROTEINA EN ORINA DE 24 HRS,226.29,262.50,85121800 - Laboratorios médicos,,,,,
LABPRPLPAPP,537,LAB PROTEINA PLACENTERIA (PAPP),995.69,1155.00,85121800 - Laboratorios médicos,,,,,
LABPROTOT,981,LAB PROTEINAS TOTALES,72.41,84.00,85121800 - Laboratorios médicos,,,,,
LABPPROTS,538,LAB PROTEINAS TOTALES SANGRE,144.83,168.00,85121800 - Laboratorios médicos,,,,,
LABPRUEMB,540,LAB PRUEBA DE EMBARAZO,135.78,157.50,85121800 - Laboratorios médicos,,,,,
LABPRUFUNHE,954,LAB PRUEBAS DE FUNCIONAMIENTO HEPATICO,317.24,368.00,85121800 - Laboratorios médicos,,,,,
LABPSALIB,542,LAB PSA LIBRE,497.84,577.49,85121800 - Laboratorios médicos,,,,,
LABQ38E,547,"LAB QUIM, SANG, 36 E.",1520.69,1764.00,85121800 - Laboratorios médicos,,,,,
LABQUI3GCTT,544,"LAB QUIM. SANG. 3 E. (GLU, COL, TG)",226.29,262.50,85121800 - Laboratorios médicos,,,,,
LABQUI3GUC,545,"LAB QUIM. SANG. 3 E. (GLU, URE, CRE))",154.31,179.00,85121800 - Laboratorios médicos,,,,,
LABQUI6,549,"LAB QUIM. SANG. 6 E. (GLU, BUN, CREA, AU, C.))",343.97,399.01,85121800 - Laboratorios médicos,,,,,
LABQUI62,554,"LAB QUIM. SANG. 6 E. (GLU, URE, CREA, AU, COL Y TG)",343.97,399.01,85121800 - Laboratorios médicos,,,,,
LABQUSAGLBU,947,LAB QUÍMICA SANGUÍNEA(GLU BUN CREA),154.31,179.00,85121800 - Laboratorios médicos,,,,,
LABRAPA,556,LAB RAPAMICINA (SIROLIMUS),1267.24,1470.00,85121800 - Laboratorios médicos,,,,,
LABREACFEB,558,LAB REACCIONES FEBRILES,162.93,189.00,85121800 - Laboratorios médicos,,,,,
LABBRPR,739,LAB REAGINA PLASMATICA (RPR),258.62,300.00,85121800 - Laboratorios médicos,,,,,
LABACREPL,559,LAB RENINA ACTIVIDAD PLASMATICA,1086.21,1260.00,85121800 - Laboratorios médicos,,,,,
LABRESOSM,561,LAB RESISTENCIA OSMATICA 7 DIAS (FRAGILIDAD OSMOTICA),633.62,735.00,85121800 - Laboratorios médicos,,,,,
LABRETICU,968,LAB RETICULOCITOS,172.41,200.00,85121800 - Laboratorios médicos,,,,,
LABRETCOA,565,LAB RETRACCION DEL COAGULO,108.62,126.00,85121800 - Laboratorios médicos,,,,,
LABROSBEN,567,LAB ROSA DE BENGALA,153.88,178.50,85121800 - Laboratorios médicos,,,,,
LABROTAV,569,LAB ROTAVIRUS,387.93,450.00,85121800 - Laboratorios médicos,,,,,
LABSANHEC,575,LAB SANGRE OCULTA EN HECES,76.94,89.25,85121800 - Laboratorios médicos,,,,,
LABSEROT,576,LAB SEROTONINA,1357.76,1575.00,85121800 - Laboratorios médicos,,,,,
LABSODIO,976,LAB SODIO,129.31,150.00,85121800 - Laboratorios médicos,,,,,
LABSOORAZA,984,LAB SODIO EN ORINA AL AZAR,317.24,368.00,85121800 - Laboratorios médicos,,,,,
LABSOOR24HR,974,LAB SODIO EN ORINA DE 24 HRS,185.34,214.99,85121800 - Laboratorios médicos,,,,,
LABSODSUD,975,LAB SODIO EN SUDOR,434.48,504.00,85121800 - Laboratorios médicos,,,,,
LABTPT,578,LAB T. PARC. TROMBOPLASTINA (TPT),136.21,158.00,85121800 - Laboratorios médicos,,,,,
LABT3LIB,579,LAB T3 LIBRE,253.45,294.00,85121800 - Laboratorios médicos,,,,,
LABT3TOT,581,LAB T3 TOTAL,190.09,220.50,85121800 - Laboratorios médicos,,,,,
LABT4LIB,582,LAB T4 LIBRE,253.45,294.00,85121800 - Laboratorios médicos,,,,,
LABT4TOT,585,LAB T4 TOTAL,190.09,220.50,85121800 - Laboratorios médicos,,,,,
LABTAMGLU,586,LAB TAMIZ DE GLUCOSA,497.84,577.49,85121800 - Laboratorios médicos,,,,,
TMNEOAMP,587,LAB TAMIZ NEONATAL AMPLIADO,1810.34,2099.99,85121800 - Laboratorios médicos,,,,,
LABTAMCOLP,588,LAB TAMIZAJE COLPOSCOPICO,362.07,420.00,85121800 - Laboratorios médicos,,,,,
LABTESTO,589,LAB TESTOSTERONA,262.50,304.50,85121800 - Laboratorios médicos,,,,,
LABTES,590,LAB TESTOSTERONA LIBRE,407.33,472.50,85121800 - Laboratorios médicos,,,,,
LABTCOAG,592,LAB TIEMPO DE COAGULACION,54.31,63.00,85121800 - Laboratorios médicos,,,,,
LABTMPPRO,594,LAB TIEMPO DE PROTROMBINA (TP),136.21,158.00,85121800 - Laboratorios médicos,,,,,
LABTSANG,595,LAB TIEMPO DE SANGRADO,54.31,63.00,85121800 - Laboratorios médicos,,,,,
LABTIROG,601,LAB TIROGLOBULINA,362.07,420.00,85121800 - Laboratorios médicos,,,,,
LABTOLGLUC,602,LAB TOLERANCIA A LA GLUCOSA,529.53,614.25,85121800 - Laboratorios médicos,,,,,
LABTOMMUE,603,LAB TOMA DE MUESTRA A DOMICILIO,181.03,209.99,85121800 - Laboratorios médicos,,,,,
LABTOXCLOS,985,LAB TOXINA A CLOSTRIDIUM DIFFICILE EN HECES,948.28,1100.00,85121800 - Laboratorios médicos,,,,,
LABTPTTP,605,LAB TP/TPT,217.24,252.00,85121800 - Laboratorios médicos,,,,,
LABTRFER,606,LAB TRANSFERRINA,316.81,367.50,85121800 - Laboratorios médicos,,,,,
LABTRIYCUAI,609,LAB TRI Y CUAD MARC CON INTER,2806.03,3254.99,85121800 - Laboratorios médicos,,,,,
LABTRIGL,611,LAB TRIGLICERIDOS,76.94,89.25,85121800 - Laboratorios médicos,,,,,
LABTRIMAG,613,LAB TRIPLE MARCADOR GENETICO,2806.03,3254.99,85121800 - Laboratorios médicos,,,,,
LABTROP,614,LAB TROPONINA,1810.34,2099.99,85121800 - Laboratorios médicos,,,,,
LABTSH,615,LAB TSH,208.19,241.50,85121800 - Laboratorios médicos,,,,,
LABTUT3CAP,616,LAB TU-T3 CAPTACION,190.09,220.50,85121800 - Laboratorios médicos,,,,,
LABUREA1,617,LAB UREA,77.59,90.00,85121800 - Laboratorios médicos,,,,,
LABURORAZ,942,LAB UREA EN ORINA AL AZAR,72.41,84.00,85121800 - Laboratorios médicos,,,,,
LABUROAUT,956,LAB UROCULTIVO AUTOMATIZADO,1034.48,1200.00,85121800 - Laboratorios médicos,,,,,
LABVDRL,618,LAB VDRL,108.62,126.00,85121800 - Laboratorios médicos,,,,,
LABVSG,619,LAB VEL. DE SED. GLOBULAR (VSG),81.90,95.00,85121800 - Laboratorios médicos,,,,,
LABVESEGLVS,967,LAB VELOCIDAD DE SEDIMENTACION GLOBULAR(VSG),81.90,95.00,85121800 - Laboratorios médicos,,,,,
LABVIH,643,LAB VIH 1 Y 2,172.41,200.00,85121800 - Laboratorios médicos,,,,,
LABVIH4G,644,LAB VIH 1 Y 2 AG: P24 (VIH 4A GEN),271.55,315.00,85121800 - Laboratorios médicos,,,,,
LABVIHWB,645,LAB VIH 1 Y 2 CONFIRMACION WESTERN BLOT,2715.52,3150.00,85121800 - Laboratorios médicos,,,,,
LABVIHELI,646,LAB VIH ELISA,316.81,367.50,85121800 - Laboratorios médicos,,,,,
LABVISIREHU,923,LAB VIRUS SINCITAL RESPIRATORIO HUMANO,586.21,680.00,85121800 - Laboratorios médicos,,,,,
LABVB12,647,LAB VITAMINA B12,316.81,367.50,85121800 - Laboratorios médicos,,,,,
LABVD25H,648,LAB VITAMINA D (25 HIDROXI),678.88,787.50,85121800 - Laboratorios médicos,,,,,
LABZINC,649,LAB ZINC,1131.47,1312.51,85121800 - Laboratorios médicos,,,,,
LABDNANAFRE,651,LABDN ANALISIS DE FRESCOS (KOH),262.50,304.50,85121800 - Laboratorios médicos,,,,,
LABCOPROCDN,652,LABDN COPROCULTIVO,275.86,320.00,85121800 - Laboratorios médicos,,,,,
LABDNESPDIR,653,LABDN ESPERMATOBIOSCOPIA DIRECTA,316.81,367.50,85121800 - Laboratorios médicos,,,,,
LABDNESPERC,654,LABDN ESPERMOCULTIVO,280.60,325.50,85121800 - Laboratorios médicos,,,,,
LABDNHEMAUT,655,LABDN HEMOCULTIVO AUTOMATIZADO,1034.48,1200.00,85121800 - Laboratorios médicos,,,,,
LABDNHEMCON,656,LABDN HEMOCULTIVO CONVENCIONAL,588.36,682.50,85121800 - Laboratorios médicos,,,,,
LABDNTINB1,657,LABDN TINCION DE BAAR 1 MUESTRA (ZEEL-NEELSEN),262.50,304.50,85121800 - Laboratorios médicos,,,,,
LABDNTINB3,658,LABDN TINCION DE BAAR 3 MUESTRA (ZEEL-NEELSEN),429.96,498.75,85121800 - Laboratorios médicos,,,,,
LABDNTINGRM,659,LABDN TINCION DE GRAM,72.41,84.00,85121800 - Laboratorios médicos,,,,,
LABDNTC,660,LABDN TINTA CHINA,162.93,189.00,85121800 - Laboratorios médicos,,,,,
LABDNUROC,661,LABDN UROCULTIVO,258.62,300.00,85121800 - Laboratorios médicos,,,,,
LABLINCD348,662,"LINFOCITOS CD3, CD4, CD8",2262.93,2625.00,85121800 - Laboratorios médicos,,,,,
MARCARP03,663,MARCAJE DE MAMA CON ARPON (BRITO),4163.79,4830.00,85121800 - Laboratorios médicos,,,,,
MARCARP01,664,MARCAJE DE MAMA CON ARPON X MASTO,6245.69,7245.00,85121800 - Laboratorios médicos,,,,,
MARCARP02,665,MARCAJE DE MAMA CON ARPON X USG,5002.61,5803.03,85121800 - Laboratorios médicos,,,,,
MARCARP04,666,MARCAJE DE MAMA CON ARPON X USG AD.,2715.52,3150.00,85121800 - Laboratorios médicos,,,,,
MAMOBILAT,668,MG MASTOGRAFIA BILATERALCON ULTRASONIDO MAMARIO,2262.93,2625.00,85121800 - Laboratorios médicos,,,,,
MAMOUNIL,670,MG MASTOGRAFIA CON ULTRASONIDO UNILATERAL,1810.35,2100.01,85121800 - Laboratorios médicos,,,,,
CHKPLSMUJ,36,MG MASTOGRAFIA DIGITAL Y TOMOSINTESIS (COMPRESIONES),1293.10,1500.00,85121800 - Laboratorios médicos,,,,,
MAMOUNIC,671,MG MASTOGRAFIA UNILATERAL  (SOLO COMPRESIONES),948.28,1100.00,85121800 - Laboratorios médicos,,,,,
PAPANICO,673,MUESTRA PAPANICOLAOU,452.59,525.00,85121800 - Laboratorios médicos,,,,,
AGUJTRU,753,O AGUJA TRUCUT,1357.76,1575.00,85121800 - Laboratorios médicos,,,,,
COLANGIO,754,O COLANGIOGRAFIA,1357.76,1575.00,85121800 - Laboratorios médicos,,,,,
ESTSEG,755,O ESTUDIO DE SEGUIMIENTO,181.04,210.01,85121800 - Laboratorios médicos,,,,,
HARMAR,756,O HARPON PARA MARCAJE,1168.97,1356.01,85121800 - Laboratorios médicos,,,,,
OHSTRSCP,757,O HISTEROSCOPIA,5431.04,6300.01,85121800 - Laboratorios médicos,,,,,
OUSB16,758,O MEMORIA USB 16 GB,90.52,105.00,85121800 - Laboratorios médicos,,,,,
OTTMBAF,759,O TOMA ADICIONAL DE BAAF,1357.76,1575.00,85121800 - Laboratorios médicos,,,,,
PAQAGOADP3,762,PAQ ANTIDOPING 3,221.77,257.25,85121800 - Laboratorios médicos,,,,,
PAQAGOADP5,763,PAQ ANTIDOPING 5,362.07,420.00,85121800 - Laboratorios médicos,,,,,
PAQPER50,744,PAQ PERFIL 50 ELEMENTOS,1551.72,1800.00,85121800 - Laboratorios médicos,,,,,
PRPEMUCO,742,"PERFIL MUJER COMPLETO (BH, QS50, EGO, PERF GINECO (LH,FSH,PRL,PRG,ESTRADIOL) )",2009.48,2331.00,85121800 - Laboratorios médicos,,,,,
REIMPRIME,738,REIMPRESION DE ESTUDIOS,362.07,420.00,85121800 - Laboratorios médicos,,,,,
RXABD01PIE,737,RX ABDOMEN SIMPLE 1 POSICION (DE PÍE),452.59,525.00,85121808 - Servicios de laboratorios de rayos x,,,,,
RXABD01ACS,735,RX ABDOMEN SIMPLE 1 POSICION DECUBITO SUPINO),452.59,525.00,85121808 - Servicios de laboratorios de rayos x,,,,,
RXABD02P,736,RX ABDOMEN SIMPLE 2 POSICIONES (DECUBITO Y DE PIE),543.10,630.00,85121808 - Servicios de laboratorios de rayos x,,,,,
RXABR01P,734,RX ANTEBRAZO 1 POSICION (AP),452.59,525.00,85121808 - Servicios de laboratorios de rayos x,,,,,
RXABR02P,733,RX ANTEBRAZO 2 POSICIONES (AP Y LATERAL),543.10,630.00,85121808 - Servicios de laboratorios de rayos x,,,,,
RXABR03P,732,"RX ANTEBRAZO 3 POSICIONES (AP, LATERAL Y OBLICUA)",633.62,735.00,85121808 - Servicios de laboratorios de rayos x,,,,,
RXABRCP01P,731,RX ANTEBRAZO COMPARATIVO 1 POSICION (AP),543.10,630.00,85121808 - Servicios de laboratorios de rayos x,,,,,
RXABRCP02P,730,RX ANTEBRAZO COMPARATIVO 2 POSICIONES (AP Y LATERAL),633.62,735.00,85121808 - Servicios de laboratorios de rayos x,,,,,
RXABRCP03P,729,"RX ANTEBRAZO COMPARATIVO 3 POSICIONES (AP, LATERAL Y OBLICUA)",724.14,840.00,85121808 - Servicios de laboratorios de rayos x,,,,,
PAARTTMMX,728,RX ARTICULACION TEMPOROMAXILAR BILATERAL,316.81,367.50,85121808 - Servicios de laboratorios de rayos x,,,,,
RXAX30GRA1,727,RX AXIAL DE ROTULA A 30° (1 RODILLA),452.59,525.00,85121808 - Servicios de laboratorios de rayos x,,,,,
RXAX60GRA1,726,RX AXIAL DE ROTULA A 60° (1 RODILLA),452.59,525.00,85121808 - Servicios de laboratorios de rayos x,,,,,
RXAX90GRA1,725,RX AXIAL DE ROTULA A 90° (1 RODILLA),452.59,525.00,85121808 - Servicios de laboratorios de rayos x,,,,,
RXAXC30GRA,724,RX AXIAL DE ROTULA COMPARATIVA A 30°,543.10,630.00,85121808 - Servicios de laboratorios de rayos x,,,,,
RXAXC60GRA,723,RX AXIAL DE ROTULA COMPARATIVA A 60°,543.10,630.00,85121808 - Servicios de laboratorios de rayos x,,,,,
RXAXC90GRA,722,RX AXIAL DE ROTULA COMPARATIVA A 90°,543.10,630.00,85121808 - Servicios de laboratorios de rayos x,,,,,
RXAXIC03P1,721,"RX AXIALES DE ROTULA COMPARATIVA A 30°, 60° Y 90° (AMBAS RODILLAS)",995.69,1155.00,85121808 - Servicios de laboratorios de rayos x,,,,,
RXAXIC03P1,720,"RX AXIALES DE ROTULA CON UNA SOLA RODILLA A 30°, 60° Y 90°",633.62,735.00,85121808 - Servicios de laboratorios de rayos x,,,,,
RXBRZ01P,719,RX BRAZO 1 POSICION (AP),452.59,525.00,85121808 - Servicios de laboratorios de rayos x,,,,,
RXBRZ02P,718,RX BRAZO 2 POSICIONES (AP Y LATERAL),543.10,630.00,85121808 - Servicios de laboratorios de rayos x,,,,,
RXBRZCP01P,717,RX BRAZO COMPARATIVO 1 POSICION (AP),543.10,630.00,85121808 - Servicios de laboratorios de rayos x,,,,,
RXBRZCP02P,716,RX BRAZO COMPARATIVO 2 POSICIONES (AP Y LATERAL),633.62,735.00,85121808 - Servicios de laboratorios de rayos x,,,,,
RXCADERA01,715,RX CADERA (AP),452.59,525.00,85121808 - Servicios de laboratorios de rayos x,,,,,
RXCADERA02,714,RX CADERA 2 POSICIONES (AP Y LATERAL),543.10,630.00,85121808 - Servicios de laboratorios de rayos x,,,,,
RXCADNEURA,713,RX CADERA 2 POSICIONES (NEUTRO Y RANA),543.10,630.00,85121808 - Servicios de laboratorios de rayos x,,,,,
RXCAD03POS,712,RX CADERA 3 POSICIONES (AP Y AMBAS CADERAS EN POSICION LATERAL),633.62,735.00,85121808 - Servicios de laboratorios de rayos x,,,,,
RXCADCOM2P,711,RX CADERA COMPARATIVA 2 POSICIONES,633.62,735.00,85121808 - Servicios de laboratorios de rayos x,,,,,
RXCALCA02P,710,RX CALCANEO 2 POSICIONES (AXIAL Y LATERAL),543.10,630.00,85121808 - Servicios de laboratorios de rayos x,,,,,
RXCALCP01P,709,RX CALCANEO COMPARATIVO 1 POSICION (LATERAL) DESCARTAR ESPOLON CALCANEO,452.59,525.00,85121808 - Servicios de laboratorios de rayos x,,,,,
RXCALCP02P,708,RX CALCANEO COMPARATIVO 2 POSICIONES (AXIAL Y LATERAL),633.62,735.00,85121808 - Servicios de laboratorios de rayos x,,,,,
RXCEFALO02,707,RX CEFALOPELVIMETRIA,814.66,945.01,85121808 - Servicios de laboratorios de rayos x,,,,,
RXCISTOURE,706,RX CISTO URETROGRAFIA (URETROGRAFIA MICCIONAL),2081.90,2415.00,85121808 - Servicios de laboratorios de rayos x,,,,,
RXCISTMICC1,705,RX CISTOGRAMA MICCIONAL,2081.90,2415.00,85121808 - Servicios de laboratorios de rayos x,,,,,
RXCLAV01P,704,RX CLAVICULA 1 POSICION (AP),452.59,525.00,85121808 - Servicios de laboratorios de rayos x,,,,,
RXCLAV02P,703,RX CLAVICULA 2 POSICIONES (AP Y AXIAL),543.10,630.00,85121808 - Servicios de laboratorios de rayos x,,,,,
RXCLAC01P,702,RX CLAVICULA COMPARATIVA 1 POSICION (AP),452.59,525.00,85121808 - Servicios de laboratorios de rayos x,,,,,
RXCLAC02P,701,RX CLAVICULA COMPARATIVA 2 POSICIONES (AP Y AXIAL),633.62,735.00,85121808 - Servicios de laboratorios de rayos x,,,,,
RXCOD01P,700,RX CODO 1 POSICION (AP),452.59,525.00,85121808 - Servicios de laboratorios de rayos x,,,,,
RXCODO02P,699,RX CODO 2 POSICIONES (AP Y LATERAL),543.10,630.00,85121808 - Servicios de laboratorios de rayos x,,,,,
RXCODO03P,698,"RX CODO 3 POSICIONES (AP, LATERAL Y OBLICUA)",633.62,735.00,85121808 - Servicios de laboratorios de rayos x,,,,,
RXCODOCP1P,697,RX CODO COMPARATIVO 1 POSICION (AP),543.10,630.00,85121808 - Servicios de laboratorios de rayos x,,,,,
RXCODOCP2P,696,RX CODO COMPARATIVO 2 POSICIONES (AP Y LATERAL),633.62,735.00,85121808 - Servicios de laboratorios de rayos x,,,,,
RXCODOCP3P,695,"RX CODO COMPARATIVO 3 POSICIONES (AP, LATERAL Y OBLICUA)",724.14,840.00,85121808 - Servicios de laboratorios de rayos x,,,,,
RXCOLENEMA,694,RX COLON POR ENEMA,2262.93,2625.00,85121808 - Servicios de laboratorios de rayos x,,,,,
RXCOLCER1P,693,RX COLUMNA CERVICAL 1 POSICION (AP),452.59,525.00,85121808 - Servicios de laboratorios de rayos x,,,,,
RXCOLCER2P,692,RX COLUMNA CERVICAL 2 POSICIONES (AP Y LATERAL)(INCLUYE PROYECCION TRANSORAL),543.10,630.00,85121808 - Servicios de laboratorios de rayos x,,,,,
RXCOLCER2PO,691,RX COLUMNA CERVICAL 2 POSICIONES OBLICUAS,543.10,630.00,85121808 - Servicios de laboratorios de rayos x,,,,,
RXCOLCERD4,690,"RX COLUMNA CERVICAL 4 POSICIONES (AP, LATERAL Y DINAMICAS)",996.69,1156.16,85121808 - Servicios de laboratorios de rayos x,,,,,
RXCOLCER4P,689,"RX COLUMNA CERVICAL 4 POSICIONES (AP, LATERAL Y OBLICUAS)",995.69,1155.00,85121808 - Servicios de laboratorios de rayos x,,,,,
RXFULSPN2P,687,RX COLUMNA COMPLETA (FULL BODY) 2 POSICIONES AP O PA Y LATERAL,905.17,1050.00,85121808 - Servicios de laboratorios de rayos x,,,,,
RXCOLDOR1P,686,RX COLUMNA DORSAL 1 POSICION (AP),452.59,525.00,85121808 - Servicios de laboratorios de rayos x,,,,,
RXCOLDOR2P,685,RX COLUMNA DORSAL 2 POSICIONES (AP Y LATERAL),633.62,735.00,85121808 - Servicios de laboratorios de rayos x,,,,,
RXCOLDOR4P,684,RX COLUMNA DORSAL O TORAXICA 4 POSICIONES,1267.24,1470.00,85121808 - Servicios de laboratorios de rayos x,,,,,
RXCOLDLUM,683,RX COLUMNA DORSO-LUMBAR 1P,905.17,1050.00,85121808 - Servicios de laboratorios de rayos x,,,,,
RXCOLDL2P,682,RX COLUMNA DORSO-LUMBAR 2P,1267.24,1470.00,85121808 - Servicios de laboratorios de rayos x,,,,,
RXCOLUMB1P,681,RX COLUMNA LUMBAR 1 POSICION (AP),425.59,493.68,85121808 - Servicios de laboratorios de rayos x,,,,,
RXCOLUMB2P,680,RX COLUMNA LUMBAR 2 POSICIONES (AP Y LATERAL),633.62,735.00,85121808 - Servicios de laboratorios de rayos x,,,,,
RXCOLUMBD4,679,"RX COLUMNA LUMBAR 4 POSICIONES (AP, LATERAL Y DINAMICAS)",995.69,1155.00,85121808 - Servicios de laboratorios de rayos x,,,,,
RXCOLUMB4P,678,"RX COLUMNA LUMBAR 4 POSICIONES (AP, LATERAL Y OBLICUAS)",995.69,1155.00,85121808 - Servicios de laboratorios de rayos x,,,,,
RXCOLPAN2P,677,"RX COLUMNA PÁNORAMICA 2 POSICIONES (CERVICAL, DORSAL Y LUMBAR)",1719.83,1995.00,85121808 - Servicios de laboratorios de rayos x,,,,,
RXCOLPAN04,676,"RX COLUMNA PANORAMICA 4 POSICIONES (CERVICAL, DORSAL Y LUMBAR)",2625.00,3045.00,85121808 - Servicios de laboratorios de rayos x,,,,,
RXCOLTX01P,675,RX COLUMNA TORACCICA 1 POSICION (AP),452.59,525.00,85121808 - Servicios de laboratorios de rayos x,,,,,
RXCOLTX02P,674,RX COLUMNA TORACCICA 2 POSICIONES (AP Y LATERAL),633.62,735.00,85121808 - Servicios de laboratorios de rayos x,,,,,
RXCOLTX04P,642,"RX COLUMNA TORACICA 4 POSICIONES (AP, LATERAL Y OBLICUAS)",1267.24,1470.00,85121808 - Servicios de laboratorios de rayos x,,,,,
RXCRA01P,641,RX CRANEO 1 POSICION,452.59,525.00,85121808 - Servicios de laboratorios de rayos x,,,,,
RXCRA02P1,640,RX CRANEO 2 POSICIONES,543.10,630.00,85121808 - Servicios de laboratorios de rayos x,,,,,
RXCRA03P,639,RX CRANEO 3 POSICIONES,633.62,735.00,85121808 - Servicios de laboratorios de rayos x,,,,,
RXCUE2P,638,RX CUELLO 2 POSICIONES,543.10,630.00,85121808 - Servicios de laboratorios de rayos x,,,,,
RXCCDEXT1,637,RX DINAMICA DE COLUMNA CERVICAL EN EXTENSION,452.59,525.00,85121808 - Servicios de laboratorios de rayos x,,,,,
RXCCDFLX1,636,RX DINAMICA DE COLUMNA CERVICAL EN FLEXION,452.59,525.00,85121808 - Servicios de laboratorios de rayos x,,,,,
RXCLDEXT1,635,RX DINAMICA DE COLUMNA LUMBAR EN EXTENSIÓN,452.59,525.00,85121808 - Servicios de laboratorios de rayos x,,,,,
RXCCDIN02P,633,RX DINAMICAS DE COLUMNA CERVICAL 2 POSICIONES (EXTENSION Y FLEXION),543.10,630.00,85121808 - Servicios de laboratorios de rayos x,,,,,
RXCLDIN02P,632,RX DINAMICAS DE COLUMNA LUMBAR 2 POSICIONES (EXTENSION Y FLEXIÓN),633.62,735.00,85121808 - Servicios de laboratorios de rayos x,,,,,
RXCLDFLX1,634,RX DINAMICAS DE COLUMNA LUMBAR EN FLEXIÓN,452.59,525.00,85121808 - Servicios de laboratorios de rayos x,,,,,
RXEDADOSEA,631,RX EDAD OSEA 2 (13 AÑOS O MAS),633.62,735.00,85121808 - Servicios de laboratorios de rayos x,,,,,
RXEDADO1P,630,RX EDAD OSEA GRAL,543.10,630.00,85121808 - Servicios de laboratorios de rayos x,,,,,
RXESCMIEINF,629,RX ESCANOMETRIA DE MIEMBROS INFERIORES (EJE MECANICO),995.69,1155.00,85121808 - Servicios de laboratorios de rayos x,,,,,
RXESOGRAMA,628,RX ESOFAGOGRAMA (TRAGO DE BARIO),1357.76,1575.00,85121808 - Servicios de laboratorios de rayos x,,,,,
RXESP1P,627,RX ESPINOGRAMA 1 POSICION,724.14,840.00,85121808 - Servicios de laboratorios de rayos x,,,,,
RXESTERN,626,RX ESTERNON,452.59,525.00,85121808 - Servicios de laboratorios de rayos x,,,,,
RXFISTULO,625,RX FISTULOGRAFIA,1357.76,1575.00,85121808 - Servicios de laboratorios de rayos x,,,,,
RXHISTERO,624,RX HISTEROSALPINGOGRAFIA,2715.52,3150.00,85121808 - Servicios de laboratorios de rayos x,,,,,
RXHOM01P,623,RX HOMBRO 1 POSICION,452.59,525.00,85121808 - Servicios de laboratorios de rayos x,,,,,
RXHOM02P,622,RX HOMBRO 2 POSICIONES,543.10,630.00,85121808 - Servicios de laboratorios de rayos x,,,,,
RXHOMCOM1P,621,RX HOMBRO COMPARATIVO 1 POSICION (AP),543.10,630.00,85121808 - Servicios de laboratorios de rayos x,,,,,
RXHOMCOM2P,620,RX HOMBRO COMPARATIVO 2 POSICIONES (AP Y TRANSTORACICA O AXIAL),633.62,735.00,85121808 - Servicios de laboratorios de rayos x,,,,,
RXLATNSF,612,RX LAT DE NASOFARINGE PART BLANDAS,452.59,525.00,85121808 - Servicios de laboratorios de rayos x,,,,,
RXLATCUELLO,610,RX LATERAL DE CUELLO PARTES BLANDAS,452.59,525.00,85121808 - Servicios de laboratorios de rayos x,,,,,
RXMAN01P,608,RX MANO 1 POSICION (PA),452.59,525.00,85121808 - Servicios de laboratorios de rayos x,,,,,
RXMAN02P,607,RX MANO 2 POSICIONES (PA Y OBLICUA),543.10,630.00,85121808 - Servicios de laboratorios de rayos x,,,,,
RXMAN03P,604,"RX MANO 3 POSICIONES (PA, OBLICUA Y LATERAL)",633.62,735.00,85121808 - Servicios de laboratorios de rayos x,,,,,
RXMANCOM1P,600,RX MANO COMPARATIVA 1 POSICIONES (PA),543.10,630.00,85121808 - Servicios de laboratorios de rayos x,,,,,
RXMANCOM2P,599,RX MANO COMPARATIVA 2 POSICIONES (PA Y OBLICUA),633.62,735.00,85121808 - Servicios de laboratorios de rayos x,,,,,
RXMANCOM3P,598,"RX MANO COMPARATIVA 3 POSICIONES (PA, OBLICUA Y LATERAL)",724.14,840.00,85121808 - Servicios de laboratorios de rayos x,,,,,
MAMOGALACT,597,RX MASTO GALACTOGRAFIA,1810.35,2100.01,85121808 - Servicios de laboratorios de rayos x,,,,,
RXMASTCOMP,593,RX MASTOIDES COMPARATIVO,543.10,630.00,85121808 - Servicios de laboratorios de rayos x,,,,,
RXMAST01P,591,RX MASTOIDES UNILATERAL,452.59,525.00,85121808 - Servicios de laboratorios de rayos x,,,,,
RXMUN01P,584,RX MUÑECA 1 POSICION (PA),452.59,525.00,85121808 - Servicios de laboratorios de rayos x,,,,,
RXMUN02P,583,RX MUÑECA 2 POSICIONES (PA Y LATERAL),543.10,630.00,85121808 - Servicios de laboratorios de rayos x,,,,,
RXMUN03P,580,"RX MUÑECA 3 POSICIONES (PA, LATERAL Y OBLICUA)",633.62,735.00,85121808 - Servicios de laboratorios de rayos x,,,,,
RXMUNCOM1P,577,RX MUÑECA COMPARATIVA 1 POSICION (PA),543.10,630.00,85121808 - Servicios de laboratorios de rayos x,,,,,
RXMUNCOM2P,574,RX MUÑECA COMPARATIVA 2 POSICIONES (PA Y LATERAL),633.62,735.00,85121808 - Servicios de laboratorios de rayos x,,,,,
RXMUNCOM3P,573,"RX MUÑECA COMPARATIVA 3 POSICIONES (PA, LATERAL Y OBLICUA)",724.14,840.00,85121808 - Servicios de laboratorios de rayos x,,,,,
RXFEM01P,572,RX MUSLO (FEMUR) 1 POSICION (AP),452.59,525.00,85121808 - Servicios de laboratorios de rayos x,,,,,
RXFEM02P,571,RX MUSLO (FEMUR) 2 POSICIONES (AP Y LATERAL),543.10,630.00,85121808 - Servicios de laboratorios de rayos x,,,,,
RXFEMCOM1P,570,RX MUSLO (FEMUR) COMPARATIVO 1 POSICION (AP),633.62,735.00,85121808 - Servicios de laboratorios de rayos x,,,,,
RXFEMCOM2P,568,RX MUSLO (FEMUR) COMPARATIVO 2 POSICIONES (AP Y LATERAL),724.14,840.00,85121808 - Servicios de laboratorios de rayos x,,,,,
RXESC01P,566,RX OMOPLATO O ESCAPULA 1 POSICION (AP),452.59,525.00,85121808 - Servicios de laboratorios de rayos x,,,,,
RXESC02P,564,RX OMOPLATO O ESCAPULA 2 POSICIONES (AP Y OBLICUA),543.10,630.00,85121808 - Servicios de laboratorios de rayos x,,,,,
RXESCOM1P,563,RX OMOPLATO O ESCAPULA COMPARATIVO 1 POSICION (AP),543.10,630.00,85121808 - Servicios de laboratorios de rayos x,,,,,
RXESCOM2P,560,RX OMOPLATO O ESCAPULA COMPARATIVO 2 POSICIONES (AP Y OBLICUA),633.62,735.00,85121808 - Servicios de laboratorios de rayos x,,,,,
RXPERFIL1P,557,RX PERFILOGRAMA 1 POSICION (LATERAL O TANGENCIAL),452.59,525.00,85121808 - Servicios de laboratorios de rayos x,,,,,
RXPERFIL2P,555,RX PERFILOGRAMA 2 POSICIONES (LATERAL Y TANGENCIAL),543.10,630.00,85121808 - Servicios de laboratorios de rayos x,,,,,
RXPIE01P,553,RX PIE 1 POSICION (PA),452.59,525.00,85121808 - Servicios de laboratorios de rayos x,,,,,
RXPIE02P,552,RX PIE 2 POSICIONES (PA Y OBLICIA),543.10,630.00,85121808 - Servicios de laboratorios de rayos x,,,,,
RXPIE03P,551,"RX PIE 3 POSICIONES (PA, OBLICUA Y LATERAL)",633.62,735.00,85121808 - Servicios de laboratorios de rayos x,,,,,
RXPIECOM1P,550,RX PIE COMPARATIVO 1 POSICION (PA),543.10,630.00,85121808 - Servicios de laboratorios de rayos x,,,,,
RXPIECOM2P,548,RX PIE COMPARATIVO 2 POSICIONES (PA Y OBLICUA),633.62,735.00,85121808 - Servicios de laboratorios de rayos x,,,,,
RXPIECOM3P,546,"RX PIE COMPARATIVO 3 POSICIONES (PA, OBLICUA Y LATERAL)",724.14,840.00,85121808 - Servicios de laboratorios de rayos x,,,,,
RXTIB01P,543,RX PIERNA (TIBIA Y PERONÉ) 1 POSICION (AP),452.59,525.00,85121808 - Servicios de laboratorios de rayos x,,,,,
RXTIB02P,541,"RX PIERNA (TIBIA Y PERONÉ) 2 POSICIONES (AP, LATERAL)",543.10,630.00,85121808 - Servicios de laboratorios de rayos x,,,,,
RXTIB03P,539,"RX PIERNA (TIBIA Y PERONÉ) 3 POSICIONES (AP, LATERAL Y OBLICUA)",633.62,735.00,85121808 - Servicios de laboratorios de rayos x,,,,,
RXTIBCOM2P,536,RX PIERNA (TIBIA Y PERONÉ) COMPARATIVA 1 POSICIONES (AP),543.10,630.00,85121808 - Servicios de laboratorios de rayos x,,,,,
RXTIBCOM2P,534,RX PIERNA (TIBIA Y PERONÉ) COMPARATIVA 2 POSICIONES (AP Y LATERAL),633.62,735.00,85121808 - Servicios de laboratorios de rayos x,,,,,
RXTIBCOM3P,531,"RX PIERNA (TIBIS Y PERONÉ) COMPARATIVA 3 POSICIONES (AP, LATERAL Y OBLICUA)",724.14,840.00,85121808 - Servicios de laboratorios de rayos x,,,,,
RXPLCOMP,528,RX PLACA COMPLEMENTARIA,90.52,105.00,85121808 - Servicios de laboratorios de rayos x,,,,,
RXSACRCOC,525,RX REGION SACROCOXIGEA,633.62,735.00,85121808 - Servicios de laboratorios de rayos x,,,,,
RXROD01P,522,RX RODILLA 1 POSICION (AP),452.59,525.00,85121808 - Servicios de laboratorios de rayos x,,,,,
RXROD02P,520,"RX RODILLA 2 POSICIONES (AP, LATERAL)",543.10,630.00,85121808 - Servicios de laboratorios de rayos x,,,,,
RXROD03P,517,"RX RODILLA 3 POSICIONES (AP, LATERAL, Y OBLICUA)",633.62,735.00,85121808 - Servicios de laboratorios de rayos x,,,,,
RXROD04P,515,"RX RODILLA 4 POSICIONES (AP, LATERAL, Y OBLICUAS INTERNA Y EXTERNA)",724.14,840.00,85121808 - Servicios de laboratorios de rayos x,,,,,
RXRODCOM1P,514,RX RODILLA COMPARATIVA 1 POSICION (AP),543.10,630.00,85121808 - Servicios de laboratorios de rayos x,,,,,
RXRODCOM2P,513,RX RODILLA COMPARATIVA 2 POSICIONES (AP Y LATERAL),633.62,735.00,85121808 - Servicios de laboratorios de rayos x,,,,,
RXRODCOM3P,512,"RX RODILLA COMPARATIVA 3 POSICIONES (AP, LATERAL Y OBLICUA)",724.14,840.00,85121808 - Servicios de laboratorios de rayos x,,,,,
RXRODCOM4P,511,"RX RODILLA COMPARATIVA 4 POSICIONES (AP, LATERAL, Y OBLICUA INTERNA)",814.66,945.01,85121808 - Servicios de laboratorios de rayos x,,,,,
RXSACROCOCCIX,510,RX SACROCOCCIX,633.62,735.00,85121808 - Servicios de laboratorios de rayos x,,,,,
RXSCHSTENU,509,RX SCHULLER & STENVERS (UNILATERAL),543.10,630.00,85121808 - Servicios de laboratorios de rayos x,,,,,
RXSCHSTENB,508,RX SCHULLER & STENVERS COMPARATIVA,633.62,735.00,85121808 - Servicios de laboratorios de rayos x,,,,,
RXSCHULUNI,507,RX SCHULLER (UNILATERAL),452.59,525.00,85121808 - Servicios de laboratorios de rayos x,,,,,
RXSCHULBIL,506,RX SCHULLER COMPARATIVA,543.10,630.00,85121808 - Servicios de laboratorios de rayos x,,,,,
RXCRASPN,504,RX SENOS PARANASALES,633.62,735.00,85121808 - Servicios de laboratorios de rayos x,,,,,
RXSERIEEGD,503,RX SERIE ESOFAGO GASTRO DUODENAL,2081.90,2415.00,85121808 - Servicios de laboratorios de rayos x,,,,,
RXSROSMETS,447,RX SERIE OSEA METASTASICA,1900.86,2205.00,85121808 - Servicios de laboratorios de rayos x,,,,,
RXSIALOGRA,446,RX SIALOGRAFIA PAROTIDA (GLANDULAS SALIVALES),1448.28,1680.00,85121808 - Servicios de laboratorios de rayos x,,,,,
RXCRASILLA,445,RX SILLA TURCA (POSICION LATERAL),452.59,525.00,85121808 - Servicios de laboratorios de rayos x,,,,,
RXSTENUNI,444,RX STENVERS (UNILATERAL),452.59,525.00,85121808 - Servicios de laboratorios de rayos x,,,,,
RXSTENBI,443,RX STENVERS COMPARATIVA,543.10,630.00,85121808 - Servicios de laboratorios de rayos x,,,,,
RXTOB01P,442,RX TOBILLO 1 POSICION (AP),452.59,525.00,85121808 - Servicios de laboratorios de rayos x,,,,,
RXTOB02P,441,RX TOBILLO 2 POSICIONES (AP Y LATERAL),543.10,630.00,85121808 - Servicios de laboratorios de rayos x,,,,,
RXTOB03P,440,"RX TOBILLO 3 POSICIONES (AP, LATERAL Y OBLICUA)",633.62,735.00,85121808 - Servicios de laboratorios de rayos x,,,,,
RXTOBCOM1P,439,RX TOBILLO COMPARATIVO 1 POSICION (AP),543.10,630.00,85121808 - Servicios de laboratorios de rayos x,,,,,
RXTOBCOM2P,438,RX TOBILLO COMPARATIVO 2 POSICIONES (AP Y LATERAL),633.62,735.00,85121808 - Servicios de laboratorios de rayos x,,,,,
RXTOBCOM3P,437,"RX TOBILLO COMPARATIVO 3 POSICIONES (AP, LATERAL Y OBLICUA)",724.14,840.00,85121808 - Servicios de laboratorios de rayos x,,,,,
COMRXAD,436,RX TOMA ADICIONAL,90.52,105.00,85121808 - Servicios de laboratorios de rayos x,,,,,
RXDOMI,435,RX TOMA SIMPLE A DOMICILIO,1086.21,1260.00,85121808 - Servicios de laboratorios de rayos x,,,,,
RXTORAX2P,434,RX TORAX 2 POSICIONES (PA Y LATERAL),543.10,630.00,85121808 - Servicios de laboratorios de rayos x,,,,,
RXTXOSE01P,433,RX TORAX OSEO 1 POSICION  AP O PA,452.59,525.00,85121808 - Servicios de laboratorios de rayos x,,,,,
RXTXOSE02P,432,RX TORAX OSEO 2 POSICIONES (AP O PA Y OBLICUA),543.10,630.00,85121808 - Servicios de laboratorios de rayos x,,,,,
RXTXOSE03P,431,RX TORAX OSEO 3 POSICIONES (AP O PA Y OBLICUAS),633.62,735.00,85121808 - Servicios de laboratorios de rayos x,,,,,
RXTORAXPA,430,RX TORAX PA,452.59,525.00,85121808 - Servicios de laboratorios de rayos x,,,,,
RXTRANINT,429,RX TRANSITO INTESTINAL,1810.34,2099.99,85121808 - Servicios de laboratorios de rayos x,,,,,
RXURERETRO,428,RX URETROGRAFIA RETROGRADA,2081.90,2415.00,85121808 - Servicios de laboratorios de rayos x,,,,,
RXUROANE,427,RX UROGRAFIA CON ANESTESIA GRAL,4073.28,4725.00,85121808 - Servicios de laboratorios de rayos x,,,,,
RXUROEXCRE,426,RX UROGRAFIA EXCRETORA,2262.93,2625.00,85121808 - Servicios de laboratorios de rayos x,,,,,
RXUROEXCRL,425,RX UROGRAFIA EXCRETORA + LAB,2489.22,2887.50,85121808 - Servicios de laboratorios de rayos x,,,,,
RXFULSPN1P,688,RXCOLUMNA COMPLETA (FULL BODY) 1 POSICION AP O PA,724.14,840.00,85121808 - Servicios de laboratorios de rayos x,,,,,
SERCARD,424,SERIE CARDIACA,905.17,1050.00,85121808 - Servicios de laboratorios de rayos x,,,,,
TACANEST,423,TAC ANESTESISTA TOMOGRAFIA,1810.34,2099.99,85121808 - Servicios de laboratorios de rayos x,,,,,
TACDENTCUAD,419,TC DENTAL POR CUADRANTE,706.03,818.99,85121808 - Servicios de laboratorios de rayos x,,,,,
OTTACMCZFAC,846,TC MACIZO FACIAL,1357.76,1575.00,85121808 - Servicios de laboratorios de rayos x,,,,,
OTTACMAXINF,385,TC MAXILAR INF,1357.76,1575.00,85121808 - Servicios de laboratorios de rayos x,,,,,
OTTACMAXATM,384,TC MAXILAR SUP./INF./ATM.,1357.76,1575.00,85121808 - Servicios de laboratorios de rayos x,,,,,
OTTACMAXDOS,848,TC MAXILARES AMBOS (BOCA ABIERTA),1357.76,1575.00,85121808 - Servicios de laboratorios de rayos x,,,,,
OTOIDNTSIM,847,TC OIDO INTERNO SIMPLE,1616.38,1875.00,85121808 - Servicios de laboratorios de rayos x,,,,,
OTTACSENPAR,382,TC SENOS PARANASALES SIMPLE,1357.76,1575.00,85121808 - Servicios de laboratorios de rayos x,,,,,
TACABDCON,377,TOMO ABDOMEN CONTRASTADA,3892.24,4515.00,85121808 - Servicios de laboratorios de rayos x,,,,,
TACABDSIM,376,TOMO ABDOMEN SIMPLE,3032.33,3517.50,85121808 - Servicios de laboratorios de rayos x,,,,,
TACANGCRPW,786,TOMO ANGIO CEREBRAL + RECONSTRUCCION 3D DE POLIGONOS DE WILLIS,5172.41,6000.00,85121808 - Servicios de laboratorios de rayos x,,,,,
TACANGTRAH,375,TOMO ANGIO DE TRONCOS SUPRA AORTICOS,4344.83,5040.00,85121808 - Servicios de laboratorios de rayos x,,,,,
TACAHABD,374,TOMO ANGIO TOMOGRAFIA DE AORTA ABDOMINAL CONTRASTADA,5612.07,6510.00,85121808 - Servicios de laboratorios de rayos x,,,,,
TACANAB,373,TOMO ANGIOTAC ABDOMEN,5612.07,6510.00,85121808 - Servicios de laboratorios de rayos x,,,,,
TACANABTR,372,TOMO ANGIOTAC ABDOMEN Y TORAX,7422.41,8610.00,85121808 - Servicios de laboratorios de rayos x,,,,,
TACAOR,371,TOMO ANGIOTAC AORTA ABD,5612.07,6510.00,85121808 - Servicios de laboratorios de rayos x,,,,,
TACCORCON00,370,TOMO ANGIOTAC ART CORONARIA,13306.03,15434.99,85121808 - Servicios de laboratorios de rayos x,,,,,
TACANGAR,368,TOMO ANGIOTAC ARTERIAS RENALES,6064.66,7035.01,85121808 - Servicios de laboratorios de rayos x,,,,,
TACANGIO,367,TOMO ANGIOTAC DE CORAZON,6653.02,7717.50,85121808 - Servicios de laboratorios de rayos x,,,,,
TACANGCR,366,TOMO ANGIOTAC DE CRANEO,4344.83,5040.00,85121808 - Servicios de laboratorios de rayos x,,,,,
TACMIINF,365,TOMO ANGIOTAC DE MIEMBROS INFERIORES CONTRASTADA,6290.95,7297.50,85121808 - Servicios de laboratorios de rayos x,,,,,
TACANTR,364,TOMO ANGIOTAC TORAX,5612.07,6510.00,85121808 - Servicios de laboratorios de rayos x,,,,,
TACANGVASC,363,TOMO ANGIOTOMOGRAFIA VASOS CUELLO,4951.29,5743.50,85121808 - Servicios de laboratorios de rayos x,,,,,
TACURG,355,TOMO CARGO POR URGENCIA,452.59,525.00,85121808 - Servicios de laboratorios de rayos x,,,,,
TACCOLCER,782,TOMO COL CERVICAL CONTRASTADA,4392.24,5095.00,85121808 - Servicios de laboratorios de rayos x,,,,,
TACCERSIM,354,TOMO COL CERVICAL SIMPLE,3530.17,4095.00,85121808 - Servicios de laboratorios de rayos x,,,,,
TACCOLOTAC,911,TOMO COLO TAC SIMPLE,3447.41,3999.00,85121808 - Servicios de laboratorios de rayos x,,,,,
TACCOLDORS,353,TOMO COLUMNA DORSAL SIMPLE,3530.17,4095.00,85121808 - Servicios de laboratorios de rayos x,,,,,
TACCOLLUMC,352,TOMO COLUMNA LUMBAR CONTRASTADA,4435.34,5144.99,85121808 - Servicios de laboratorios de rayos x,,,,,
TACCOLLUM,351,TOMO COLUMNA LUMBAR SIMPLE,3530.17,4095.00,85121808 - Servicios de laboratorios de rayos x,,,,,
TACCRNCON,350,TOMO CRANEO CONTRASTADA,4344.83,5040.00,85121808 - Servicios de laboratorios de rayos x,,,,,
TACCRNSMP,349,TOMO CRANEO SIMPLE,3439.66,3990.01,85121808 - Servicios de laboratorios de rayos x,,,,,
TACCRACUC,348,TOMO CRANEO Y CUELLO CONTRASTADA,5702.59,6615.00,85121808 - Servicios de laboratorios de rayos x,,,,,
TACCRACUS,779,TOMO CRANEO Y CUELLO SIMPLE,5085.34,5898.99,85121808 - Servicios de laboratorios de rayos x,,,,,
TACCUELLCON,347,TOMO CUELLO CONTRASTADO,4344.83,5040.00,85121808 - Servicios de laboratorios de rayos x,,,,,
TACCUELLSIM,344,TOMO CUELLO SIMPLE,3439.66,3990.01,85121808 - Servicios de laboratorios de rayos x,,,,,
TACMANO,421,TOMO DE MANO SIMPLE,1799.00,2086.84,85121808 - Servicios de laboratorios de rayos x,,,,,
TACMUNECA,420,TOMO DE MUÑECA SIMPLE,1799.00,2086.84,85121808 - Servicios de laboratorios de rayos x,,,,,
TACTOBILLO,379,TOMO DE TOBILLO SIMPLE,1799.00,2086.84,85121808 - Servicios de laboratorios de rayos x,,,,,
TACEXTRCON,343,TOMO EXTREMIDADES CONTRASTADAS,4525.86,5250.00,85121808 - Servicios de laboratorios de rayos x,,,,,
TACEXTRSIM,341,TOMO EXTREMIDADES SIMPLE,3620.69,4200.00,85121808 - Servicios de laboratorios de rayos x,,,,,
TACMASSMP,780,TOMO MASTOIDES SIMPLE,1799.00,2086.84,85121808 - Servicios de laboratorios de rayos x,,,,,
TACOIDOC,339,TOMO OIDO CONTRASTADA,3077.59,3570.00,85121808 - Servicios de laboratorios de rayos x,,,,,
TACOIDOS,337,TOMO OIDO SIMPLE,1799.00,2086.84,85121808 - Servicios de laboratorios de rayos x,,,,,
TCORBCON,334,TOMO ORBITAS CONTRASTADA,4344.83,5040.00,85121808 - Servicios de laboratorios de rayos x,,,,,
TCORBSIN,333,TOMO ORBITAS SIMPLE,3439.66,3990.01,85121808 - Servicios de laboratorios de rayos x,,,,,
TACPAROC,331,TOMO PAROTIDAS CONTRASTADA,4344.83,5040.00,85121808 - Servicios de laboratorios de rayos x,,,,,
TACPAROS,328,TOMO PAROTIDAS SIMPLE,3439.66,3990.01,85121808 - Servicios de laboratorios de rayos x,,,,,
TACPELCON,325,TOMO PELVIS CONTRASTADA,3892.24,4515.00,85121808 - Servicios de laboratorios de rayos x,,,,,
TACPELSIM,323,TOMO PELVIS SIMPLE,3032.33,3517.50,85121808 - Servicios de laboratorios de rayos x,,,,,
TOMOREIMP,321,TOMO REIMPRESION DE ESTUDIOS TOMO,181.03,209.99,85121808 - Servicios de laboratorios de rayos x,,,,,
TACRENCON,320,TOMO RENAL CONTRASTADA,4254.31,4935.00,85121808 - Servicios de laboratorios de rayos x,,,,,
TACRENSIM,319,TOMO RENAL SIMPLE,3077.59,3570.00,85121808 - Servicios de laboratorios de rayos x,,,,,
TACCALC,318,TOMO SCORE DE CALCIO,2715.52,3150.00,85121808 - Servicios de laboratorios de rayos x,,,,,
TACSPNCON,317,TOMO SENOS PARANASALES CONTRASTADA,3077.59,3570.00,85121808 - Servicios de laboratorios de rayos x,,,,,
TACSPNSIM,316,TOMO SENOS PARANASALES SIMPLE,1538.79,1785.00,85121808 - Servicios de laboratorios de rayos x,,,,,
TACSILLTC,315,TOMO SILLA TURCA CONTRASTADA,4344.83,5040.00,85121808 - Servicios de laboratorios de rayos x,,,,,
TACSILLTS,314,TOMO SILLA TURCA SIMPLE,3439.66,3990.01,85121808 - Servicios de laboratorios de rayos x,,,,,
TACCOLON,789,TOMO TOMOGRAFIA DE COLON,5357.76,6215.00,85121808 - Servicios de laboratorios de rayos x,,,,,
TACTRXCONT,313,TOMO TORAX CONTRASTADA,4525.86,5250.00,85121808 - Servicios de laboratorios de rayos x,,,,,
TACTRXSIMP,312,TOMO TORAX SIMPLE,3620.69,4200.00,85121808 - Servicios de laboratorios de rayos x,,,,,
TACTORABD,311,TOMO TORAX Y ABDOMEN CONTRASTADA,6064.66,7035.01,85121807 - Servicios de laboratorios de ultrasonido,,,,,
TACTRXASIMP,781,TOMO TORAX Y ABDOMEN SIMPLE,5202.59,6035.00,85121808 - Servicios de laboratorios de rayos x,,,,,
USABDSUP,310,US ABDOMEN SUPERIOR,905.17,1050.00,85121807 - Servicios de laboratorios de ultrasonido,,,,,
USABDPEL,309,US ABDOMINOPELVICO,995.69,1155.00,85121807 - Servicios de laboratorios de ultrasonido,,,,,
USABDOREC,308,US ABDOMINOPELVICO Y ENDORECTAL,995.69,1155.00,85121807 - Servicios de laboratorios de ultrasonido,,,,,
USABDENDO,307,US ABDOMINOPELVICO Y ENDOVAGINAL,995.69,1155.00,85121807 - Servicios de laboratorios de ultrasonido,,,,,
USASPMAMA,989,US ASPIRACION DE MAMA,2241.38,2600.00,85121807 - Servicios de laboratorios de ultrasonido,,,,,
USDOPABD,304,US DOPPLER ABDOMINAL,995.69,1155.00,85121807 - Servicios de laboratorios de ultrasonido,,,,,
USDOPA1P,932,US DOPPLER ARTERIAL 1 EXTREMIDAD,2155.17,2500.00,85121807 - Servicios de laboratorios de ultrasonido,,,,,
USDOPA2P,935,US DOPPLER ARTERIAL 2 EXTREMIDADES,2586.21,3000.00,85121807 - Servicios de laboratorios de ultrasonido,,,,,
USDOPAV1P,933,US DOPPLER ARTERIAL Y VENOSO 1 EXTREMIDAD,3017.24,3500.00,85121807 - Servicios de laboratorios de ultrasonido,,,,,
USDOPAV2P,934,US DOPPLER ARTERIAL Y VENOSO 2 EXTREMIDADES,3448.28,4000.00,85121807 - Servicios de laboratorios de ultrasonido,,,,,
USDOPCAROT,303,US DOPPLER CAROTIDAS,995.69,1155.00,85121807 - Servicios de laboratorios de ultrasonido,,,,,
USDOPESC,302,US DOPPLER ESCROTAL,905.17,1050.00,85121807 - Servicios de laboratorios de ultrasonido,,,,,
USDOPMAM,301,US DOPPLER MAMARIO,905.17,1050.00,85121807 - Servicios de laboratorios de ultrasonido,,,,,
USDOPMUS,296,US DOPPLER MUSCULAR,905.17,1050.00,85121807 - Servicios de laboratorios de ultrasonido,,,,,
USDOPOBS,295,US DOPPLER OBSTETRICO,995.69,1155.00,85121807 - Servicios de laboratorios de ultrasonido,,,,,
USDOPSUPU,294,US DOPPLER SUPRAPUBICO,905.17,1050.00,85121807 - Servicios de laboratorios de ultrasonido,,,,,
USDOPTEST,293,US DOPPLER TESTICULAR,905.17,1050.00,85121807 - Servicios de laboratorios de ultrasonido,,,,,
USDOPV1P,931,US DOPPLER VENOSO 1 EXTREMIDAD,2155.17,2500.00,85121807 - Servicios de laboratorios de ultrasonido,,,,,
USDOPV2P,936,US DOPPLER VENOSO 2 EXTREMIDADES,2586.21,3000.00,85121807 - Servicios de laboratorios de ultrasonido,,,,,
USGELA,292,US ELASTOGRAFIA HEPATICA,3439.66,3990.01,85121807 - Servicios de laboratorios de ultrasonido,,,,,
USENDOREC,291,US ENDORECTAL,905.17,1050.00,85121807 - Servicios de laboratorios de ultrasonido,,,,,
USGESCART,281,US ESCANEO DE ARTICULACIONES,1810.34,2099.99,85121807 - Servicios de laboratorios de ultrasonido,,,,,
USESCROTO,278,US ESCROTO,905.17,1050.00,85121807 - Servicios de laboratorios de ultrasonido,,,,,
USMABIOP,276,US GUIA DE BIOPSIA (BRT),905.17,1050.00,85121807 - Servicios de laboratorios de ultrasonido,,,,,
USMAMARIO,274,US MAMARIO,905.17,1050.00,85121807 - Servicios de laboratorios de ultrasonido,,,,,
USMABIOPL,272,US MARCAJE DE BIOPSIA EXTERNO + LAB,1122.41,1302.00,85121807 - Servicios de laboratorios de ultrasonido,,,,,
USMUSCULAR,270,US MUSCULAR Y ESQUELETICO,905.17,1050.00,85121807 - Servicios de laboratorios de ultrasonido,,,,,
USOBS4D,269,US OBSTETRICO,995.69,1155.00,85121807 - Servicios de laboratorios de ultrasonido,,,,,
USOBSENDO,267,US OBSTETRICO ENDOVAGINAL,995.69,1155.00,85121807 - Servicios de laboratorios de ultrasonido,,,,,
USOBSSUP,265,US OBSTETRICO SUPRAPUBICO,995.69,1155.00,85121807 - Servicios de laboratorios de ultrasonido,,,,,
USPELENDO,263,US PELVICO ENDOVAGINAL,905.17,1050.00,85121807 - Servicios de laboratorios de ultrasonido,,,,,
USPELSUPRA,259,US PELVICO SUPRAPUBICO,905.17,1050.00,85121807 - Servicios de laboratorios de ultrasonido,,,,,
USPERFIL,258,US PERFIL BIOFISICO,905.17,1050.00,85121807 - Servicios de laboratorios de ultrasonido,,,,,
USPILORO,256,US PILORO,905.17,1050.00,85121807 - Servicios de laboratorios de ultrasonido,,,,,
USPROENDODO,254,US PROSTATICO DOPPLER,905.17,1050.00,85121807 - Servicios de laboratorios de ultrasonido,,,,,
USPROENDO,250,US PROSTATICO ENDORECTAL,905.17,1050.00,85121807 - Servicios de laboratorios de ultrasonido,,,,,
USPROSUPR,248,US PROSTATICO SUPRAPUBLICO,905.17,1050.00,85121807 - Servicios de laboratorios de ultrasonido,,,,,
USPUNMAM,247,US PUNCION DE QUISTE MAMARIO (LICB),905.17,1050.00,85121807 - Servicios de laboratorios de ultrasonido,,,,,
USRENAL,246,US RENAL,905.17,1050.00,85121807 - Servicios de laboratorios de ultrasonido,,,,,
USRENDOP,245,US RENAL DOPPLER,905.17,1050.00,85121807 - Servicios de laboratorios de ultrasonido,,,,,
USSEGFOLI,244,US SEGUIMIENTO FOLICULAR,1086.21,1260.00,85121807 - Servicios de laboratorios de ultrasonido,,,,,
USSONOHIST,242,US SONOHISTEROGRAFIA,1665.52,1932.00,85121807 - Servicios de laboratorios de ultrasonido,,,,,
USTEST,240,US TESTICULAR,905.17,1050.00,85121807 - Servicios de laboratorios de ultrasonido,,,,,
USTABIOP,237,US TOMA ADICIONAL DE BIOPSIA TRUCUT,2262.93,2625.00,85121807 - Servicios de laboratorios de ultrasonido,,,,,
USMABIOL,233,US TOMA ADICIONAL DE BIOPSIA TRUCUT + LAB,2625.00,3045.00,85121807 - Servicios de laboratorios de ultrasonido,,,,,
USTRANSFON,231,US TRANSFONTANELAR,905.17,1050.00,85121807 - Servicios de laboratorios de ultrasonido,,,,,
USGTIRO,229,US ULTRASONIDO DE TIROIDES / CUELLO,905.17,1050.00,85121807 - Servicios de laboratorios de ultrasonido,,,,,
USDPEVAG,227,US ULTRASONIDO DOPPLER ENDOVAGINAL,905.17,1050.00,85121807 - Servicios de laboratorios de ultrasonido,,,,,
USINGBIL,225,US ULTRASONIDO INGUINAL BILATERAL,995.69,1155.00,85121807 - Servicios de laboratorios de ultrasonido,,,,,
USMUSCBIL,223,US ULTRASONIDO MUSCULAR BILATERAL,995.69,1155.00,85121807 - Servicios de laboratorios de ultrasonido,,,,,
USVIASURI,219,US VIAS URINARIAS,905.17,1050.00,85121807 - Servicios de laboratorios de ultrasonido,,,,,
COMUSG,218,USG COMPLEMENTO,452.59,525.00,85121807 - Servicios de laboratorios de ultrasonido,,,,,
COMUSGABD,215,USG COMPLEMENTO ABDOMINOPELVICO,90.52,105.00,85121807 - Servicios de laboratorios de ultrasonido,,,,,
COMUSGCOM,213,USG COMPLEMENTO COMPARATIVO,452.59,525.00,85121807 - Servicios de laboratorios de ultrasonido,,,,,
COMUSGDOP,210,USG COMPLEMENTO DOPPLER,452.59,525.00,85121807 - Servicios de laboratorios de ultrasonido,,,,,
COMOBSVL,209,USG COMPLEMENTO OBSTETRICO,452.59,525.00,85121807 - Servicios de laboratorios de ultrasonido,,,,,
COMUSGSEN,206,USG COMPLEMENTO SENCILLO,226.29,262.50,85121807 - Servicios de laboratorios de ultrasonido,,,,,
USGDOPPELV,204,USG DOPPLER PELVICO GINECOLOGICO,90517.00,104999.72,85121807 - Servicios de laboratorios de ultrasonido,,,,,
USGDOPTIR,195,USG DOPPLER TIROIDES,905.17,1050.00,85121807 - Servicios de laboratorios de ultrasonido,,,,,
USGPENE,194,USG ULTRASONIDO DE PENE CON VASO ACTIVO,1357.76,1575.00,85121807 - Servicios de laboratorios de ultrasonido,,,,,
USGPENED,193,USG ULTRASONIDO DE PENE DOPPLER SIN VASO ACTIVO,905.17,1050.00,85121807 - Servicios de laboratorios de ultrasonido,,,,,
USGPENE2,192,USG ULTRASONIDO DE PENE SIN VASO ACTIVO,905.17,1050.00,85121807 - Servicios de laboratorios de ultrasonido,,,,,
